mined_at,handle,tweet_id,tweet_id_str,created_at,year,month,day,day_of_week,hour,minute,retweet_count,source,text
2020-06-16 23:00:46.229831,Geovanninhaf,1272319279891972099,1272319279891972099,2020-06-15 00:05:29+00:00,2020,6,15,0,0,5,0,"<a href=""http://twitter.com/download/iphone"" rel=""nofollow"">Twitter for iPhone</a>","Gra√ßas ao nosso querido presidente @jairbolsonaro o SUS n√£o est√° fazendo o teste de Covid-19, assim as estat√≠sticas n√£o aumentam e fim do corona no Brasil."
2020-06-16 23:00:47.884337,Geovanninhaf,1272319279891972099,1272319279891972099,2020-06-15 00:05:29+00:00,2020,6,15,0,0,5,0,"<a href=""http://twitter.com/download/iphone"" rel=""nofollow"">Twitter for iPhone</a>","Gra√ßas ao nosso querido presidente @jairbolsonaro o SUS n√£o est√° fazendo o teste de Covid-19, assim as estat√≠sticas n√£o aumentam e fim do corona no Brasil."
2020-06-16 23:00:47.571151,Geovanninhaf,1272319279891972099,1272319279891972099,2020-06-15 00:05:29+00:00,2020,6,15,0,0,5,0,"<a href=""http://twitter.com/download/iphone"" rel=""nofollow"">Twitter for iPhone</a>","Gra√ßas ao nosso querido presidente @jairbolsonaro o SUS n√£o est√° fazendo o teste de Covid-19, assim as estat√≠sticas n√£o aumentam e fim do corona no Brasil."
2020-06-16 23:00:47.235808,Geovanninhaf,1272319279891972099,1272319279891972099,2020-06-15 00:05:29+00:00,2020,6,15,0,0,5,0,"<a href=""http://twitter.com/download/iphone"" rel=""nofollow"">Twitter for iPhone</a>","Gra√ßas ao nosso querido presidente @jairbolsonaro o SUS n√£o est√° fazendo o teste de Covid-19, assim as estat√≠sticas n√£o aumentam e fim do corona no Brasil."
2020-06-16 23:00:46.641989,Geovanninhaf,1272319279891972099,1272319279891972099,2020-06-15 00:05:29+00:00,2020,6,15,0,0,5,0,"<a href=""http://twitter.com/download/iphone"" rel=""nofollow"">Twitter for iPhone</a>","Gra√ßas ao nosso querido presidente @jairbolsonaro o SUS n√£o est√° fazendo o teste de Covid-19, assim as estat√≠sticas n√£o aumentam e fim do corona no Brasil."
2020-06-16 23:00:45.724826,Geovanninhaf,1272319279891972099,1272319279891972099,2020-06-15 00:05:29+00:00,2020,6,15,0,0,5,0,"<a href=""http://twitter.com/download/iphone"" rel=""nofollow"">Twitter for iPhone</a>","Gra√ßas ao nosso querido presidente @jairbolsonaro o SUS n√£o est√° fazendo o teste de Covid-19, assim as estat√≠sticas n√£o aumentam e fim do corona no Brasil."
2020-06-16 23:00:45.281215,Geovanninhaf,1272319279891972099,1272319279891972099,2020-06-15 00:05:29+00:00,2020,6,15,0,0,5,0,"<a href=""http://twitter.com/download/iphone"" rel=""nofollow"">Twitter for iPhone</a>","Gra√ßas ao nosso querido presidente @jairbolsonaro o SUS n√£o est√° fazendo o teste de Covid-19, assim as estat√≠sticas n√£o aumentam e fim do corona no Brasil."
2020-06-16 23:00:44.962245,Geovanninhaf,1272319279891972099,1272319279891972099,2020-06-15 00:05:29+00:00,2020,6,15,0,0,5,0,"<a href=""http://twitter.com/download/iphone"" rel=""nofollow"">Twitter for iPhone</a>","Gra√ßas ao nosso querido presidente @jairbolsonaro o SUS n√£o est√° fazendo o teste de Covid-19, assim as estat√≠sticas n√£o aumentam e fim do corona no Brasil."
2020-06-16 23:00:44.603639,Geovanninhaf,1272319279891972099,1272319279891972099,2020-06-15 00:05:29+00:00,2020,6,15,0,0,5,0,"<a href=""http://twitter.com/download/iphone"" rel=""nofollow"">Twitter for iPhone</a>","Gra√ßas ao nosso querido presidente @jairbolsonaro o SUS n√£o est√° fazendo o teste de Covid-19, assim as estat√≠sticas n√£o aumentam e fim do corona no Brasil."
2020-06-16 23:00:48.188245,Geovanninhaf,1272319279891972099,1272319279891972099,2020-06-15 00:05:29+00:00,2020,6,15,0,0,5,0,"<a href=""http://twitter.com/download/iphone"" rel=""nofollow"">Twitter for iPhone</a>","Gra√ßas ao nosso querido presidente @jairbolsonaro o SUS n√£o est√° fazendo o teste de Covid-19, assim as estat√≠sticas n√£o aumentam e fim do corona no Brasil."
2020-06-16 23:00:47.235808,Bot_Corona_V,1272325050969075713,1272325050969075713,2020-06-15 00:28:25+00:00,2020,6,15,0,0,28,0,"<a href=""https://github.com/snowlew"" rel=""nofollow"">Alpha-sun</a>","RT @KarlMarxis: @secomvc @jairbolsonaro @minsaude üáßüá∑ | Brasil, 14 de Junho de 2020.
4Ô∏è‚É£3Ô∏è‚É£3Ô∏è‚É£3Ô∏è‚É£2Ô∏è‚É£ √≥bitos notificados por Covid-19 no Bras‚Ä¶"
2020-06-16 23:00:44.603639,Bot_Corona_V,1272325050969075713,1272325050969075713,2020-06-15 00:28:25+00:00,2020,6,15,0,0,28,0,"<a href=""https://github.com/snowlew"" rel=""nofollow"">Alpha-sun</a>","RT @KarlMarxis: @secomvc @jairbolsonaro @minsaude üáßüá∑ | Brasil, 14 de Junho de 2020.
4Ô∏è‚É£3Ô∏è‚É£3Ô∏è‚É£3Ô∏è‚É£2Ô∏è‚É£ √≥bitos notificados por Covid-19 no Bras‚Ä¶"
2020-06-16 23:00:46.641989,Bot_Corona_V,1272325050969075713,1272325050969075713,2020-06-15 00:28:25+00:00,2020,6,15,0,0,28,0,"<a href=""https://github.com/snowlew"" rel=""nofollow"">Alpha-sun</a>","RT @KarlMarxis: @secomvc @jairbolsonaro @minsaude üáßüá∑ | Brasil, 14 de Junho de 2020.
4Ô∏è‚É£3Ô∏è‚É£3Ô∏è‚É£3Ô∏è‚É£2Ô∏è‚É£ √≥bitos notificados por Covid-19 no Bras‚Ä¶"
2020-06-16 23:00:45.281215,Bot_Corona_V,1272325050969075713,1272325050969075713,2020-06-15 00:28:25+00:00,2020,6,15,0,0,28,0,"<a href=""https://github.com/snowlew"" rel=""nofollow"">Alpha-sun</a>","RT @KarlMarxis: @secomvc @jairbolsonaro @minsaude üáßüá∑ | Brasil, 14 de Junho de 2020.
4Ô∏è‚É£3Ô∏è‚É£3Ô∏è‚É£3Ô∏è‚É£2Ô∏è‚É£ √≥bitos notificados por Covid-19 no Bras‚Ä¶"
2020-06-16 23:00:44.962245,Bot_Corona_V,1272325050969075713,1272325050969075713,2020-06-15 00:28:25+00:00,2020,6,15,0,0,28,0,"<a href=""https://github.com/snowlew"" rel=""nofollow"">Alpha-sun</a>","RT @KarlMarxis: @secomvc @jairbolsonaro @minsaude üáßüá∑ | Brasil, 14 de Junho de 2020.
4Ô∏è‚É£3Ô∏è‚É£3Ô∏è‚É£3Ô∏è‚É£2Ô∏è‚É£ √≥bitos notificados por Covid-19 no Bras‚Ä¶"
2020-06-16 23:00:48.188245,Bot_Corona_V,1272325050969075713,1272325050969075713,2020-06-15 00:28:25+00:00,2020,6,15,0,0,28,0,"<a href=""https://github.com/snowlew"" rel=""nofollow"">Alpha-sun</a>","RT @KarlMarxis: @secomvc @jairbolsonaro @minsaude üáßüá∑ | Brasil, 14 de Junho de 2020.
4Ô∏è‚É£3Ô∏è‚É£3Ô∏è‚É£3Ô∏è‚É£2Ô∏è‚É£ √≥bitos notificados por Covid-19 no Bras‚Ä¶"
2020-06-16 23:00:46.229831,Bot_Corona_V,1272325050969075713,1272325050969075713,2020-06-15 00:28:25+00:00,2020,6,15,0,0,28,0,"<a href=""https://github.com/snowlew"" rel=""nofollow"">Alpha-sun</a>","RT @KarlMarxis: @secomvc @jairbolsonaro @minsaude üáßüá∑ | Brasil, 14 de Junho de 2020.
4Ô∏è‚É£3Ô∏è‚É£3Ô∏è‚É£3Ô∏è‚É£2Ô∏è‚É£ √≥bitos notificados por Covid-19 no Bras‚Ä¶"
2020-06-16 23:00:47.884337,Bot_Corona_V,1272325050969075713,1272325050969075713,2020-06-15 00:28:25+00:00,2020,6,15,0,0,28,0,"<a href=""https://github.com/snowlew"" rel=""nofollow"">Alpha-sun</a>","RT @KarlMarxis: @secomvc @jairbolsonaro @minsaude üáßüá∑ | Brasil, 14 de Junho de 2020.
4Ô∏è‚É£3Ô∏è‚É£3Ô∏è‚É£3Ô∏è‚É£2Ô∏è‚É£ √≥bitos notificados por Covid-19 no Bras‚Ä¶"
2020-06-16 23:00:45.724826,Bot_Corona_V,1272325050969075713,1272325050969075713,2020-06-15 00:28:25+00:00,2020,6,15,0,0,28,0,"<a href=""https://github.com/snowlew"" rel=""nofollow"">Alpha-sun</a>","RT @KarlMarxis: @secomvc @jairbolsonaro @minsaude üáßüá∑ | Brasil, 14 de Junho de 2020.
4Ô∏è‚É£3Ô∏è‚É£3Ô∏è‚É£3Ô∏è‚É£2Ô∏è‚É£ √≥bitos notificados por Covid-19 no Bras‚Ä¶"
2020-06-16 23:00:47.571151,Bot_Corona_V,1272325050969075713,1272325050969075713,2020-06-15 00:28:25+00:00,2020,6,15,0,0,28,0,"<a href=""https://github.com/snowlew"" rel=""nofollow"">Alpha-sun</a>","RT @KarlMarxis: @secomvc @jairbolsonaro @minsaude üáßüá∑ | Brasil, 14 de Junho de 2020.
4Ô∏è‚É£3Ô∏è‚É£3Ô∏è‚É£3Ô∏è‚É£2Ô∏è‚É£ √≥bitos notificados por Covid-19 no Bras‚Ä¶"
2020-06-16 23:00:47.235808,Bot_Corona_V,1272336638807506945,1272336638807506945,2020-06-15 01:14:28+00:00,2020,6,15,0,1,14,0,"<a href=""https://github.com/snowlew"" rel=""nofollow"">Alpha-sun</a>","RT @TatoDeMacedo1: #coronavirus
Brasil acumula 867.882 casos confirmados da #COVID19 e 43.389 vidas ceifadas por neglig√™ncia do genocida @j‚Ä¶"
2020-06-16 23:00:45.281215,Bot_Corona_V,1272336638807506945,1272336638807506945,2020-06-15 01:14:28+00:00,2020,6,15,0,1,14,0,"<a href=""https://github.com/snowlew"" rel=""nofollow"">Alpha-sun</a>","RT @TatoDeMacedo1: #coronavirus
Brasil acumula 867.882 casos confirmados da #COVID19 e 43.389 vidas ceifadas por neglig√™ncia do genocida @j‚Ä¶"
2020-06-16 23:00:47.884337,Bot_Corona_V,1272336638807506945,1272336638807506945,2020-06-15 01:14:28+00:00,2020,6,15,0,1,14,0,"<a href=""https://github.com/snowlew"" rel=""nofollow"">Alpha-sun</a>","RT @TatoDeMacedo1: #coronavirus
Brasil acumula 867.882 casos confirmados da #COVID19 e 43.389 vidas ceifadas por neglig√™ncia do genocida @j‚Ä¶"
2020-06-16 23:00:44.962245,Bot_Corona_V,1272336638807506945,1272336638807506945,2020-06-15 01:14:28+00:00,2020,6,15,0,1,14,0,"<a href=""https://github.com/snowlew"" rel=""nofollow"">Alpha-sun</a>","RT @TatoDeMacedo1: #coronavirus
Brasil acumula 867.882 casos confirmados da #COVID19 e 43.389 vidas ceifadas por neglig√™ncia do genocida @j‚Ä¶"
2020-06-16 23:00:45.724826,Bot_Corona_V,1272336638807506945,1272336638807506945,2020-06-15 01:14:28+00:00,2020,6,15,0,1,14,0,"<a href=""https://github.com/snowlew"" rel=""nofollow"">Alpha-sun</a>","RT @TatoDeMacedo1: #coronavirus
Brasil acumula 867.882 casos confirmados da #COVID19 e 43.389 vidas ceifadas por neglig√™ncia do genocida @j‚Ä¶"
2020-06-16 23:00:46.229831,Bot_Corona_V,1272336638807506945,1272336638807506945,2020-06-15 01:14:28+00:00,2020,6,15,0,1,14,0,"<a href=""https://github.com/snowlew"" rel=""nofollow"">Alpha-sun</a>","RT @TatoDeMacedo1: #coronavirus
Brasil acumula 867.882 casos confirmados da #COVID19 e 43.389 vidas ceifadas por neglig√™ncia do genocida @j‚Ä¶"
2020-06-16 23:00:47.571151,Bot_Corona_V,1272336638807506945,1272336638807506945,2020-06-15 01:14:28+00:00,2020,6,15,0,1,14,0,"<a href=""https://github.com/snowlew"" rel=""nofollow"">Alpha-sun</a>","RT @TatoDeMacedo1: #coronavirus
Brasil acumula 867.882 casos confirmados da #COVID19 e 43.389 vidas ceifadas por neglig√™ncia do genocida @j‚Ä¶"
2020-06-16 23:00:46.641989,Bot_Corona_V,1272336638807506945,1272336638807506945,2020-06-15 01:14:28+00:00,2020,6,15,0,1,14,0,"<a href=""https://github.com/snowlew"" rel=""nofollow"">Alpha-sun</a>","RT @TatoDeMacedo1: #coronavirus
Brasil acumula 867.882 casos confirmados da #COVID19 e 43.389 vidas ceifadas por neglig√™ncia do genocida @j‚Ä¶"
2020-06-16 23:00:48.188245,Bot_Corona_V,1272336638807506945,1272336638807506945,2020-06-15 01:14:28+00:00,2020,6,15,0,1,14,0,"<a href=""https://github.com/snowlew"" rel=""nofollow"">Alpha-sun</a>","RT @TatoDeMacedo1: #coronavirus
Brasil acumula 867.882 casos confirmados da #COVID19 e 43.389 vidas ceifadas por neglig√™ncia do genocida @j‚Ä¶"
2020-06-16 23:00:44.603639,Bot_Corona_V,1272336638807506945,1272336638807506945,2020-06-15 01:14:28+00:00,2020,6,15,0,1,14,0,"<a href=""https://github.com/snowlew"" rel=""nofollow"">Alpha-sun</a>","RT @TatoDeMacedo1: #coronavirus
Brasil acumula 867.882 casos confirmados da #COVID19 e 43.389 vidas ceifadas por neglig√™ncia do genocida @j‚Ä¶"
2020-06-16 23:00:47.571151,ians_india,1272399231781912580,1272399231781912580,2020-06-15 05:23:11+00:00,2020,6,15,0,5,23,0,"<a href=""https://www.hootsuite.com"" rel=""nofollow"">Hootsuite Inc.</a>","Protests for and against #Brazilian President #JairBolsonaro (@jairbolsonaro) took place for a third consecutive Sunday in several cities of the country, in the midst of the uncontrolled #coronaviruspandemic.

#covid_19 #corona https://t.co/uFFDBl6DtA"
2020-06-16 23:00:46.641989,ians_india,1272399231781912580,1272399231781912580,2020-06-15 05:23:11+00:00,2020,6,15,0,5,23,0,"<a href=""https://www.hootsuite.com"" rel=""nofollow"">Hootsuite Inc.</a>","Protests for and against #Brazilian President #JairBolsonaro (@jairbolsonaro) took place for a third consecutive Sunday in several cities of the country, in the midst of the uncontrolled #coronaviruspandemic.

#covid_19 #corona https://t.co/uFFDBl6DtA"
2020-06-16 23:00:47.235808,ians_india,1272399231781912580,1272399231781912580,2020-06-15 05:23:11+00:00,2020,6,15,0,5,23,0,"<a href=""https://www.hootsuite.com"" rel=""nofollow"">Hootsuite Inc.</a>","Protests for and against #Brazilian President #JairBolsonaro (@jairbolsonaro) took place for a third consecutive Sunday in several cities of the country, in the midst of the uncontrolled #coronaviruspandemic.

#covid_19 #corona https://t.co/uFFDBl6DtA"
2020-06-16 23:00:47.884337,ians_india,1272399231781912580,1272399231781912580,2020-06-15 05:23:11+00:00,2020,6,15,0,5,23,0,"<a href=""https://www.hootsuite.com"" rel=""nofollow"">Hootsuite Inc.</a>","Protests for and against #Brazilian President #JairBolsonaro (@jairbolsonaro) took place for a third consecutive Sunday in several cities of the country, in the midst of the uncontrolled #coronaviruspandemic.

#covid_19 #corona https://t.co/uFFDBl6DtA"
2020-06-16 23:00:46.229831,ians_india,1272399231781912580,1272399231781912580,2020-06-15 05:23:11+00:00,2020,6,15,0,5,23,0,"<a href=""https://www.hootsuite.com"" rel=""nofollow"">Hootsuite Inc.</a>","Protests for and against #Brazilian President #JairBolsonaro (@jairbolsonaro) took place for a third consecutive Sunday in several cities of the country, in the midst of the uncontrolled #coronaviruspandemic.

#covid_19 #corona https://t.co/uFFDBl6DtA"
2020-06-16 23:00:45.281215,ians_india,1272399231781912580,1272399231781912580,2020-06-15 05:23:11+00:00,2020,6,15,0,5,23,0,"<a href=""https://www.hootsuite.com"" rel=""nofollow"">Hootsuite Inc.</a>","Protests for and against #Brazilian President #JairBolsonaro (@jairbolsonaro) took place for a third consecutive Sunday in several cities of the country, in the midst of the uncontrolled #coronaviruspandemic.

#covid_19 #corona https://t.co/uFFDBl6DtA"
2020-06-16 23:00:45.724826,ians_india,1272399231781912580,1272399231781912580,2020-06-15 05:23:11+00:00,2020,6,15,0,5,23,0,"<a href=""https://www.hootsuite.com"" rel=""nofollow"">Hootsuite Inc.</a>","Protests for and against #Brazilian President #JairBolsonaro (@jairbolsonaro) took place for a third consecutive Sunday in several cities of the country, in the midst of the uncontrolled #coronaviruspandemic.

#covid_19 #corona https://t.co/uFFDBl6DtA"
2020-06-16 23:00:44.603639,ians_india,1272399231781912580,1272399231781912580,2020-06-15 05:23:11+00:00,2020,6,15,0,5,23,0,"<a href=""https://www.hootsuite.com"" rel=""nofollow"">Hootsuite Inc.</a>","Protests for and against #Brazilian President #JairBolsonaro (@jairbolsonaro) took place for a third consecutive Sunday in several cities of the country, in the midst of the uncontrolled #coronaviruspandemic.

#covid_19 #corona https://t.co/uFFDBl6DtA"
2020-06-16 23:00:48.188245,ians_india,1272399231781912580,1272399231781912580,2020-06-15 05:23:11+00:00,2020,6,15,0,5,23,0,"<a href=""https://www.hootsuite.com"" rel=""nofollow"">Hootsuite Inc.</a>","Protests for and against #Brazilian President #JairBolsonaro (@jairbolsonaro) took place for a third consecutive Sunday in several cities of the country, in the midst of the uncontrolled #coronaviruspandemic.

#covid_19 #corona https://t.co/uFFDBl6DtA"
2020-06-16 23:00:44.962245,ians_india,1272399231781912580,1272399231781912580,2020-06-15 05:23:11+00:00,2020,6,15,0,5,23,0,"<a href=""https://www.hootsuite.com"" rel=""nofollow"">Hootsuite Inc.</a>","Protests for and against #Brazilian President #JairBolsonaro (@jairbolsonaro) took place for a third consecutive Sunday in several cities of the country, in the midst of the uncontrolled #coronaviruspandemic.

#covid_19 #corona https://t.co/uFFDBl6DtA"
2020-06-16 23:00:44.603639,Bot_Corona_V,1272475690143830016,1272475690143830016,2020-06-15 10:27:00+00:00,2020,6,15,0,10,27,0,"<a href=""https://github.com/snowlew"" rel=""nofollow"">Alpha-sun</a>",RT @radibraz: Ate quando esa qurentena? Se tem coronav√≠rus no esgoto (que vem das nossas casas)? Chega de #hipocrisia #Covid nao eh #aids.‚Ä¶
2020-06-16 23:00:44.962245,Bot_Corona_V,1272475690143830016,1272475690143830016,2020-06-15 10:27:00+00:00,2020,6,15,0,10,27,0,"<a href=""https://github.com/snowlew"" rel=""nofollow"">Alpha-sun</a>",RT @radibraz: Ate quando esa qurentena? Se tem coronav√≠rus no esgoto (que vem das nossas casas)? Chega de #hipocrisia #Covid nao eh #aids.‚Ä¶
2020-06-16 23:00:46.229831,Bot_Corona_V,1272475690143830016,1272475690143830016,2020-06-15 10:27:00+00:00,2020,6,15,0,10,27,0,"<a href=""https://github.com/snowlew"" rel=""nofollow"">Alpha-sun</a>",RT @radibraz: Ate quando esa qurentena? Se tem coronav√≠rus no esgoto (que vem das nossas casas)? Chega de #hipocrisia #Covid nao eh #aids.‚Ä¶
2020-06-16 23:00:47.571151,Bot_Corona_V,1272475690143830016,1272475690143830016,2020-06-15 10:27:00+00:00,2020,6,15,0,10,27,0,"<a href=""https://github.com/snowlew"" rel=""nofollow"">Alpha-sun</a>",RT @radibraz: Ate quando esa qurentena? Se tem coronav√≠rus no esgoto (que vem das nossas casas)? Chega de #hipocrisia #Covid nao eh #aids.‚Ä¶
2020-06-16 23:00:47.884337,Bot_Corona_V,1272475690143830016,1272475690143830016,2020-06-15 10:27:00+00:00,2020,6,15,0,10,27,0,"<a href=""https://github.com/snowlew"" rel=""nofollow"">Alpha-sun</a>",RT @radibraz: Ate quando esa qurentena? Se tem coronav√≠rus no esgoto (que vem das nossas casas)? Chega de #hipocrisia #Covid nao eh #aids.‚Ä¶
2020-06-16 23:00:45.724826,Bot_Corona_V,1272475690143830016,1272475690143830016,2020-06-15 10:27:00+00:00,2020,6,15,0,10,27,0,"<a href=""https://github.com/snowlew"" rel=""nofollow"">Alpha-sun</a>",RT @radibraz: Ate quando esa qurentena? Se tem coronav√≠rus no esgoto (que vem das nossas casas)? Chega de #hipocrisia #Covid nao eh #aids.‚Ä¶
2020-06-16 23:00:46.641989,Bot_Corona_V,1272475690143830016,1272475690143830016,2020-06-15 10:27:00+00:00,2020,6,15,0,10,27,0,"<a href=""https://github.com/snowlew"" rel=""nofollow"">Alpha-sun</a>",RT @radibraz: Ate quando esa qurentena? Se tem coronav√≠rus no esgoto (que vem das nossas casas)? Chega de #hipocrisia #Covid nao eh #aids.‚Ä¶
2020-06-16 23:00:48.188245,Bot_Corona_V,1272475690143830016,1272475690143830016,2020-06-15 10:27:00+00:00,2020,6,15,0,10,27,0,"<a href=""https://github.com/snowlew"" rel=""nofollow"">Alpha-sun</a>",RT @radibraz: Ate quando esa qurentena? Se tem coronav√≠rus no esgoto (que vem das nossas casas)? Chega de #hipocrisia #Covid nao eh #aids.‚Ä¶
2020-06-16 23:00:45.281215,Bot_Corona_V,1272475690143830016,1272475690143830016,2020-06-15 10:27:00+00:00,2020,6,15,0,10,27,0,"<a href=""https://github.com/snowlew"" rel=""nofollow"">Alpha-sun</a>",RT @radibraz: Ate quando esa qurentena? Se tem coronav√≠rus no esgoto (que vem das nossas casas)? Chega de #hipocrisia #Covid nao eh #aids.‚Ä¶
2020-06-16 23:00:47.235808,Bot_Corona_V,1272475690143830016,1272475690143830016,2020-06-15 10:27:00+00:00,2020,6,15,0,10,27,0,"<a href=""https://github.com/snowlew"" rel=""nofollow"">Alpha-sun</a>",RT @radibraz: Ate quando esa qurentena? Se tem coronav√≠rus no esgoto (que vem das nossas casas)? Chega de #hipocrisia #Covid nao eh #aids.‚Ä¶
2020-06-16 23:00:47.571151,EdgarSeverSil,1272485057673003009,1272485057673003009,2020-06-15 11:04:14+00:00,2020,6,15,0,11,4,1,"<a href=""http://twitter.com/download/android"" rel=""nofollow"">Twitter for Android</a>","@CarlaZambelli38 @jairbolsonaro Matar pessoas por Zonar com o Tratamento S√©rio e Respons√°vel com as V√≠tima do Corona V√≠rus no Brasil, Manipular informa√ß√µes reais e verdadeiras sobre a P√©ssima Situa√ß√£o Brasileira no COVID-19 √© tu ajudar na Vit√≥ria da Democracia? Deixa de tua Idiotice Carla!"
2020-06-16 23:00:48.188245,EdgarSeverSil,1272485057673003009,1272485057673003009,2020-06-15 11:04:14+00:00,2020,6,15,0,11,4,1,"<a href=""http://twitter.com/download/android"" rel=""nofollow"">Twitter for Android</a>","@CarlaZambelli38 @jairbolsonaro Matar pessoas por Zonar com o Tratamento S√©rio e Respons√°vel com as V√≠tima do Corona V√≠rus no Brasil, Manipular informa√ß√µes reais e verdadeiras sobre a P√©ssima Situa√ß√£o Brasileira no COVID-19 √© tu ajudar na Vit√≥ria da Democracia? Deixa de tua Idiotice Carla!"
2020-06-16 23:00:47.235808,EdgarSeverSil,1272485057673003009,1272485057673003009,2020-06-15 11:04:14+00:00,2020,6,15,0,11,4,1,"<a href=""http://twitter.com/download/android"" rel=""nofollow"">Twitter for Android</a>","@CarlaZambelli38 @jairbolsonaro Matar pessoas por Zonar com o Tratamento S√©rio e Respons√°vel com as V√≠tima do Corona V√≠rus no Brasil, Manipular informa√ß√µes reais e verdadeiras sobre a P√©ssima Situa√ß√£o Brasileira no COVID-19 √© tu ajudar na Vit√≥ria da Democracia? Deixa de tua Idiotice Carla!"
2020-06-16 23:00:44.962245,EdgarSeverSil,1272485057673003009,1272485057673003009,2020-06-15 11:04:14+00:00,2020,6,15,0,11,4,1,"<a href=""http://twitter.com/download/android"" rel=""nofollow"">Twitter for Android</a>","@CarlaZambelli38 @jairbolsonaro Matar pessoas por Zonar com o Tratamento S√©rio e Respons√°vel com as V√≠tima do Corona V√≠rus no Brasil, Manipular informa√ß√µes reais e verdadeiras sobre a P√©ssima Situa√ß√£o Brasileira no COVID-19 √© tu ajudar na Vit√≥ria da Democracia? Deixa de tua Idiotice Carla!"
2020-06-16 23:00:46.641989,EdgarSeverSil,1272485057673003009,1272485057673003009,2020-06-15 11:04:14+00:00,2020,6,15,0,11,4,1,"<a href=""http://twitter.com/download/android"" rel=""nofollow"">Twitter for Android</a>","@CarlaZambelli38 @jairbolsonaro Matar pessoas por Zonar com o Tratamento S√©rio e Respons√°vel com as V√≠tima do Corona V√≠rus no Brasil, Manipular informa√ß√µes reais e verdadeiras sobre a P√©ssima Situa√ß√£o Brasileira no COVID-19 √© tu ajudar na Vit√≥ria da Democracia? Deixa de tua Idiotice Carla!"
2020-06-16 23:00:44.603639,EdgarSeverSil,1272485057673003009,1272485057673003009,2020-06-15 11:04:14+00:00,2020,6,15,0,11,4,1,"<a href=""http://twitter.com/download/android"" rel=""nofollow"">Twitter for Android</a>","@CarlaZambelli38 @jairbolsonaro Matar pessoas por Zonar com o Tratamento S√©rio e Respons√°vel com as V√≠tima do Corona V√≠rus no Brasil, Manipular informa√ß√µes reais e verdadeiras sobre a P√©ssima Situa√ß√£o Brasileira no COVID-19 √© tu ajudar na Vit√≥ria da Democracia? Deixa de tua Idiotice Carla!"
2020-06-16 23:00:46.229831,EdgarSeverSil,1272485057673003009,1272485057673003009,2020-06-15 11:04:14+00:00,2020,6,15,0,11,4,1,"<a href=""http://twitter.com/download/android"" rel=""nofollow"">Twitter for Android</a>","@CarlaZambelli38 @jairbolsonaro Matar pessoas por Zonar com o Tratamento S√©rio e Respons√°vel com as V√≠tima do Corona V√≠rus no Brasil, Manipular informa√ß√µes reais e verdadeiras sobre a P√©ssima Situa√ß√£o Brasileira no COVID-19 √© tu ajudar na Vit√≥ria da Democracia? Deixa de tua Idiotice Carla!"
2020-06-16 23:00:45.724826,EdgarSeverSil,1272485057673003009,1272485057673003009,2020-06-15 11:04:14+00:00,2020,6,15,0,11,4,1,"<a href=""http://twitter.com/download/android"" rel=""nofollow"">Twitter for Android</a>","@CarlaZambelli38 @jairbolsonaro Matar pessoas por Zonar com o Tratamento S√©rio e Respons√°vel com as V√≠tima do Corona V√≠rus no Brasil, Manipular informa√ß√µes reais e verdadeiras sobre a P√©ssima Situa√ß√£o Brasileira no COVID-19 √© tu ajudar na Vit√≥ria da Democracia? Deixa de tua Idiotice Carla!"
2020-06-16 23:00:47.884337,EdgarSeverSil,1272485057673003009,1272485057673003009,2020-06-15 11:04:14+00:00,2020,6,15,0,11,4,1,"<a href=""http://twitter.com/download/android"" rel=""nofollow"">Twitter for Android</a>","@CarlaZambelli38 @jairbolsonaro Matar pessoas por Zonar com o Tratamento S√©rio e Respons√°vel com as V√≠tima do Corona V√≠rus no Brasil, Manipular informa√ß√µes reais e verdadeiras sobre a P√©ssima Situa√ß√£o Brasileira no COVID-19 √© tu ajudar na Vit√≥ria da Democracia? Deixa de tua Idiotice Carla!"
2020-06-16 23:00:45.281215,EdgarSeverSil,1272485057673003009,1272485057673003009,2020-06-15 11:04:14+00:00,2020,6,15,0,11,4,1,"<a href=""http://twitter.com/download/android"" rel=""nofollow"">Twitter for Android</a>","@CarlaZambelli38 @jairbolsonaro Matar pessoas por Zonar com o Tratamento S√©rio e Respons√°vel com as V√≠tima do Corona V√≠rus no Brasil, Manipular informa√ß√µes reais e verdadeiras sobre a P√©ssima Situa√ß√£o Brasileira no COVID-19 √© tu ajudar na Vit√≥ria da Democracia? Deixa de tua Idiotice Carla!"
2020-06-16 23:00:44.962245,EDGARSEVER,1272492882583265280,1272492882583265280,2020-06-15 11:35:19+00:00,2020,6,15,0,11,35,0,"<a href=""http://twitter.com/download/android"" rel=""nofollow"">Twitter for Android</a>",RT @EdgarSeverSil: @CarlaZambelli38 @jairbolsonaro Matar pessoas por Zonar com o Tratamento S√©rio e Respons√°vel com as V√≠tima do Corona V√≠r‚Ä¶
2020-06-16 23:00:46.229831,EDGARSEVER,1272492882583265280,1272492882583265280,2020-06-15 11:35:19+00:00,2020,6,15,0,11,35,0,"<a href=""http://twitter.com/download/android"" rel=""nofollow"">Twitter for Android</a>",RT @EdgarSeverSil: @CarlaZambelli38 @jairbolsonaro Matar pessoas por Zonar com o Tratamento S√©rio e Respons√°vel com as V√≠tima do Corona V√≠r‚Ä¶
2020-06-16 23:00:46.641989,EDGARSEVER,1272492882583265280,1272492882583265280,2020-06-15 11:35:19+00:00,2020,6,15,0,11,35,0,"<a href=""http://twitter.com/download/android"" rel=""nofollow"">Twitter for Android</a>",RT @EdgarSeverSil: @CarlaZambelli38 @jairbolsonaro Matar pessoas por Zonar com o Tratamento S√©rio e Respons√°vel com as V√≠tima do Corona V√≠r‚Ä¶
2020-06-16 23:00:47.884337,EDGARSEVER,1272492882583265280,1272492882583265280,2020-06-15 11:35:19+00:00,2020,6,15,0,11,35,0,"<a href=""http://twitter.com/download/android"" rel=""nofollow"">Twitter for Android</a>",RT @EdgarSeverSil: @CarlaZambelli38 @jairbolsonaro Matar pessoas por Zonar com o Tratamento S√©rio e Respons√°vel com as V√≠tima do Corona V√≠r‚Ä¶
2020-06-16 23:00:44.603639,EDGARSEVER,1272492882583265280,1272492882583265280,2020-06-15 11:35:19+00:00,2020,6,15,0,11,35,0,"<a href=""http://twitter.com/download/android"" rel=""nofollow"">Twitter for Android</a>",RT @EdgarSeverSil: @CarlaZambelli38 @jairbolsonaro Matar pessoas por Zonar com o Tratamento S√©rio e Respons√°vel com as V√≠tima do Corona V√≠r‚Ä¶
2020-06-16 23:00:47.235808,EDGARSEVER,1272492882583265280,1272492882583265280,2020-06-15 11:35:19+00:00,2020,6,15,0,11,35,0,"<a href=""http://twitter.com/download/android"" rel=""nofollow"">Twitter for Android</a>",RT @EdgarSeverSil: @CarlaZambelli38 @jairbolsonaro Matar pessoas por Zonar com o Tratamento S√©rio e Respons√°vel com as V√≠tima do Corona V√≠r‚Ä¶
2020-06-16 23:00:45.281215,EDGARSEVER,1272492882583265280,1272492882583265280,2020-06-15 11:35:19+00:00,2020,6,15,0,11,35,0,"<a href=""http://twitter.com/download/android"" rel=""nofollow"">Twitter for Android</a>",RT @EdgarSeverSil: @CarlaZambelli38 @jairbolsonaro Matar pessoas por Zonar com o Tratamento S√©rio e Respons√°vel com as V√≠tima do Corona V√≠r‚Ä¶
2020-06-16 23:00:45.724826,EDGARSEVER,1272492882583265280,1272492882583265280,2020-06-15 11:35:19+00:00,2020,6,15,0,11,35,0,"<a href=""http://twitter.com/download/android"" rel=""nofollow"">Twitter for Android</a>",RT @EdgarSeverSil: @CarlaZambelli38 @jairbolsonaro Matar pessoas por Zonar com o Tratamento S√©rio e Respons√°vel com as V√≠tima do Corona V√≠r‚Ä¶
2020-06-16 23:00:47.571151,EDGARSEVER,1272492882583265280,1272492882583265280,2020-06-15 11:35:19+00:00,2020,6,15,0,11,35,0,"<a href=""http://twitter.com/download/android"" rel=""nofollow"">Twitter for Android</a>",RT @EdgarSeverSil: @CarlaZambelli38 @jairbolsonaro Matar pessoas por Zonar com o Tratamento S√©rio e Respons√°vel com as V√≠tima do Corona V√≠r‚Ä¶
2020-06-16 23:00:48.188245,EDGARSEVER,1272492882583265280,1272492882583265280,2020-06-15 11:35:19+00:00,2020,6,15,0,11,35,0,"<a href=""http://twitter.com/download/android"" rel=""nofollow"">Twitter for Android</a>",RT @EdgarSeverSil: @CarlaZambelli38 @jairbolsonaro Matar pessoas por Zonar com o Tratamento S√©rio e Respons√°vel com as V√≠tima do Corona V√≠r‚Ä¶
2020-06-16 23:00:47.571151,Bot_Corona_V,1272526830885646343,1272526830885646343,2020-06-15 13:50:13+00:00,2020,6,15,0,13,50,0,"<a href=""https://github.com/snowlew"" rel=""nofollow"">Alpha-sun</a>",RT @Roma_Siqueira: Jornalistas e esquerdistas insistem na narrativa BOLSONARO GENOCIDA! Ajude seus amigos e familiares a conhecerem a verda‚Ä¶
2020-06-16 23:00:47.235808,Bot_Corona_V,1272526830885646343,1272526830885646343,2020-06-15 13:50:13+00:00,2020,6,15,0,13,50,0,"<a href=""https://github.com/snowlew"" rel=""nofollow"">Alpha-sun</a>",RT @Roma_Siqueira: Jornalistas e esquerdistas insistem na narrativa BOLSONARO GENOCIDA! Ajude seus amigos e familiares a conhecerem a verda‚Ä¶
2020-06-16 23:00:46.641989,Bot_Corona_V,1272526830885646343,1272526830885646343,2020-06-15 13:50:13+00:00,2020,6,15,0,13,50,0,"<a href=""https://github.com/snowlew"" rel=""nofollow"">Alpha-sun</a>",RT @Roma_Siqueira: Jornalistas e esquerdistas insistem na narrativa BOLSONARO GENOCIDA! Ajude seus amigos e familiares a conhecerem a verda‚Ä¶
2020-06-16 23:00:44.603639,Bot_Corona_V,1272526830885646343,1272526830885646343,2020-06-15 13:50:13+00:00,2020,6,15,0,13,50,0,"<a href=""https://github.com/snowlew"" rel=""nofollow"">Alpha-sun</a>",RT @Roma_Siqueira: Jornalistas e esquerdistas insistem na narrativa BOLSONARO GENOCIDA! Ajude seus amigos e familiares a conhecerem a verda‚Ä¶
2020-06-16 23:00:48.188245,Bot_Corona_V,1272526830885646343,1272526830885646343,2020-06-15 13:50:13+00:00,2020,6,15,0,13,50,0,"<a href=""https://github.com/snowlew"" rel=""nofollow"">Alpha-sun</a>",RT @Roma_Siqueira: Jornalistas e esquerdistas insistem na narrativa BOLSONARO GENOCIDA! Ajude seus amigos e familiares a conhecerem a verda‚Ä¶
2020-06-16 23:00:45.281215,Bot_Corona_V,1272526830885646343,1272526830885646343,2020-06-15 13:50:13+00:00,2020,6,15,0,13,50,0,"<a href=""https://github.com/snowlew"" rel=""nofollow"">Alpha-sun</a>",RT @Roma_Siqueira: Jornalistas e esquerdistas insistem na narrativa BOLSONARO GENOCIDA! Ajude seus amigos e familiares a conhecerem a verda‚Ä¶
2020-06-16 23:00:47.884337,Bot_Corona_V,1272526830885646343,1272526830885646343,2020-06-15 13:50:13+00:00,2020,6,15,0,13,50,0,"<a href=""https://github.com/snowlew"" rel=""nofollow"">Alpha-sun</a>",RT @Roma_Siqueira: Jornalistas e esquerdistas insistem na narrativa BOLSONARO GENOCIDA! Ajude seus amigos e familiares a conhecerem a verda‚Ä¶
2020-06-16 23:00:44.962245,Bot_Corona_V,1272526830885646343,1272526830885646343,2020-06-15 13:50:13+00:00,2020,6,15,0,13,50,0,"<a href=""https://github.com/snowlew"" rel=""nofollow"">Alpha-sun</a>",RT @Roma_Siqueira: Jornalistas e esquerdistas insistem na narrativa BOLSONARO GENOCIDA! Ajude seus amigos e familiares a conhecerem a verda‚Ä¶
2020-06-16 23:00:45.724826,Bot_Corona_V,1272526830885646343,1272526830885646343,2020-06-15 13:50:13+00:00,2020,6,15,0,13,50,0,"<a href=""https://github.com/snowlew"" rel=""nofollow"">Alpha-sun</a>",RT @Roma_Siqueira: Jornalistas e esquerdistas insistem na narrativa BOLSONARO GENOCIDA! Ajude seus amigos e familiares a conhecerem a verda‚Ä¶
2020-06-16 23:00:46.229831,Bot_Corona_V,1272526830885646343,1272526830885646343,2020-06-15 13:50:13+00:00,2020,6,15,0,13,50,0,"<a href=""https://github.com/snowlew"" rel=""nofollow"">Alpha-sun</a>",RT @Roma_Siqueira: Jornalistas e esquerdistas insistem na narrativa BOLSONARO GENOCIDA! Ajude seus amigos e familiares a conhecerem a verda‚Ä¶
2020-06-16 23:00:47.884337,Bot_Corona_V,1272568897380769793,1272568897380769793,2020-06-15 16:37:22+00:00,2020,6,15,0,16,37,0,"<a href=""https://github.com/snowlew"" rel=""nofollow"">Alpha-sun</a>","RT @LobodoLago: √î @jairbolsonaro , liga l√° e reclama com seu mestre @realDonaldTrump , que t√° fazendo voc√™ passar vergonha no Brasil e no e‚Ä¶"
2020-06-16 23:00:47.235808,Bot_Corona_V,1272568897380769793,1272568897380769793,2020-06-15 16:37:22+00:00,2020,6,15,0,16,37,0,"<a href=""https://github.com/snowlew"" rel=""nofollow"">Alpha-sun</a>","RT @LobodoLago: √î @jairbolsonaro , liga l√° e reclama com seu mestre @realDonaldTrump , que t√° fazendo voc√™ passar vergonha no Brasil e no e‚Ä¶"
2020-06-16 23:00:47.571151,Bot_Corona_V,1272568897380769793,1272568897380769793,2020-06-15 16:37:22+00:00,2020,6,15,0,16,37,0,"<a href=""https://github.com/snowlew"" rel=""nofollow"">Alpha-sun</a>","RT @LobodoLago: √î @jairbolsonaro , liga l√° e reclama com seu mestre @realDonaldTrump , que t√° fazendo voc√™ passar vergonha no Brasil e no e‚Ä¶"
2020-06-16 23:00:44.603639,Bot_Corona_V,1272568897380769793,1272568897380769793,2020-06-15 16:37:22+00:00,2020,6,15,0,16,37,0,"<a href=""https://github.com/snowlew"" rel=""nofollow"">Alpha-sun</a>","RT @LobodoLago: √î @jairbolsonaro , liga l√° e reclama com seu mestre @realDonaldTrump , que t√° fazendo voc√™ passar vergonha no Brasil e no e‚Ä¶"
2020-06-16 23:00:44.962245,Bot_Corona_V,1272568897380769793,1272568897380769793,2020-06-15 16:37:22+00:00,2020,6,15,0,16,37,0,"<a href=""https://github.com/snowlew"" rel=""nofollow"">Alpha-sun</a>","RT @LobodoLago: √î @jairbolsonaro , liga l√° e reclama com seu mestre @realDonaldTrump , que t√° fazendo voc√™ passar vergonha no Brasil e no e‚Ä¶"
2020-06-16 23:00:46.229831,Bot_Corona_V,1272568897380769793,1272568897380769793,2020-06-15 16:37:22+00:00,2020,6,15,0,16,37,0,"<a href=""https://github.com/snowlew"" rel=""nofollow"">Alpha-sun</a>","RT @LobodoLago: √î @jairbolsonaro , liga l√° e reclama com seu mestre @realDonaldTrump , que t√° fazendo voc√™ passar vergonha no Brasil e no e‚Ä¶"
2020-06-16 23:00:45.724826,Bot_Corona_V,1272568897380769793,1272568897380769793,2020-06-15 16:37:22+00:00,2020,6,15,0,16,37,0,"<a href=""https://github.com/snowlew"" rel=""nofollow"">Alpha-sun</a>","RT @LobodoLago: √î @jairbolsonaro , liga l√° e reclama com seu mestre @realDonaldTrump , que t√° fazendo voc√™ passar vergonha no Brasil e no e‚Ä¶"
2020-06-16 23:00:46.641989,Bot_Corona_V,1272568897380769793,1272568897380769793,2020-06-15 16:37:22+00:00,2020,6,15,0,16,37,0,"<a href=""https://github.com/snowlew"" rel=""nofollow"">Alpha-sun</a>","RT @LobodoLago: √î @jairbolsonaro , liga l√° e reclama com seu mestre @realDonaldTrump , que t√° fazendo voc√™ passar vergonha no Brasil e no e‚Ä¶"
2020-06-16 23:00:45.281215,Bot_Corona_V,1272568897380769793,1272568897380769793,2020-06-15 16:37:22+00:00,2020,6,15,0,16,37,0,"<a href=""https://github.com/snowlew"" rel=""nofollow"">Alpha-sun</a>","RT @LobodoLago: √î @jairbolsonaro , liga l√° e reclama com seu mestre @realDonaldTrump , que t√° fazendo voc√™ passar vergonha no Brasil e no e‚Ä¶"
2020-06-16 23:00:48.188245,Bot_Corona_V,1272568897380769793,1272568897380769793,2020-06-15 16:37:22+00:00,2020,6,15,0,16,37,0,"<a href=""https://github.com/snowlew"" rel=""nofollow"">Alpha-sun</a>","RT @LobodoLago: √î @jairbolsonaro , liga l√° e reclama com seu mestre @realDonaldTrump , que t√° fazendo voc√™ passar vergonha no Brasil e no e‚Ä¶"
2020-06-16 23:00:44.603639,Bot_Corona_V,1272631870795198466,1272631870795198466,2020-06-15 20:47:37+00:00,2020,6,15,0,20,47,0,"<a href=""https://github.com/snowlew"" rel=""nofollow"">Alpha-sun</a>",RT @nadiaulloa1: √öltimas informa√ß√µes sobre a situa√ß√£o do #Coronav√≠rus na #Am√©ricaLatina. #Chile #Sebasti√°nPi√±era #Brasil #JairBolsonaro #Al‚Ä¶
2020-06-16 23:00:45.724826,Bot_Corona_V,1272631870795198466,1272631870795198466,2020-06-15 20:47:37+00:00,2020,6,15,0,20,47,0,"<a href=""https://github.com/snowlew"" rel=""nofollow"">Alpha-sun</a>",RT @nadiaulloa1: √öltimas informa√ß√µes sobre a situa√ß√£o do #Coronav√≠rus na #Am√©ricaLatina. #Chile #Sebasti√°nPi√±era #Brasil #JairBolsonaro #Al‚Ä¶
2020-06-16 23:00:47.884337,Bot_Corona_V,1272631870795198466,1272631870795198466,2020-06-15 20:47:37+00:00,2020,6,15,0,20,47,0,"<a href=""https://github.com/snowlew"" rel=""nofollow"">Alpha-sun</a>",RT @nadiaulloa1: √öltimas informa√ß√µes sobre a situa√ß√£o do #Coronav√≠rus na #Am√©ricaLatina. #Chile #Sebasti√°nPi√±era #Brasil #JairBolsonaro #Al‚Ä¶
2020-06-16 23:00:47.235808,Bot_Corona_V,1272631870795198466,1272631870795198466,2020-06-15 20:47:37+00:00,2020,6,15,0,20,47,0,"<a href=""https://github.com/snowlew"" rel=""nofollow"">Alpha-sun</a>",RT @nadiaulloa1: √öltimas informa√ß√µes sobre a situa√ß√£o do #Coronav√≠rus na #Am√©ricaLatina. #Chile #Sebasti√°nPi√±era #Brasil #JairBolsonaro #Al‚Ä¶
2020-06-16 23:00:46.229831,Bot_Corona_V,1272631870795198466,1272631870795198466,2020-06-15 20:47:37+00:00,2020,6,15,0,20,47,0,"<a href=""https://github.com/snowlew"" rel=""nofollow"">Alpha-sun</a>",RT @nadiaulloa1: √öltimas informa√ß√µes sobre a situa√ß√£o do #Coronav√≠rus na #Am√©ricaLatina. #Chile #Sebasti√°nPi√±era #Brasil #JairBolsonaro #Al‚Ä¶
2020-06-16 23:00:47.571151,Bot_Corona_V,1272631870795198466,1272631870795198466,2020-06-15 20:47:37+00:00,2020,6,15,0,20,47,0,"<a href=""https://github.com/snowlew"" rel=""nofollow"">Alpha-sun</a>",RT @nadiaulloa1: √öltimas informa√ß√µes sobre a situa√ß√£o do #Coronav√≠rus na #Am√©ricaLatina. #Chile #Sebasti√°nPi√±era #Brasil #JairBolsonaro #Al‚Ä¶
2020-06-16 23:00:46.641989,Bot_Corona_V,1272631870795198466,1272631870795198466,2020-06-15 20:47:37+00:00,2020,6,15,0,20,47,0,"<a href=""https://github.com/snowlew"" rel=""nofollow"">Alpha-sun</a>",RT @nadiaulloa1: √öltimas informa√ß√µes sobre a situa√ß√£o do #Coronav√≠rus na #Am√©ricaLatina. #Chile #Sebasti√°nPi√±era #Brasil #JairBolsonaro #Al‚Ä¶
2020-06-16 23:00:44.962245,Bot_Corona_V,1272631870795198466,1272631870795198466,2020-06-15 20:47:37+00:00,2020,6,15,0,20,47,0,"<a href=""https://github.com/snowlew"" rel=""nofollow"">Alpha-sun</a>",RT @nadiaulloa1: √öltimas informa√ß√µes sobre a situa√ß√£o do #Coronav√≠rus na #Am√©ricaLatina. #Chile #Sebasti√°nPi√±era #Brasil #JairBolsonaro #Al‚Ä¶
2020-06-16 23:00:48.188245,Bot_Corona_V,1272631870795198466,1272631870795198466,2020-06-15 20:47:37+00:00,2020,6,15,0,20,47,0,"<a href=""https://github.com/snowlew"" rel=""nofollow"">Alpha-sun</a>",RT @nadiaulloa1: √öltimas informa√ß√µes sobre a situa√ß√£o do #Coronav√≠rus na #Am√©ricaLatina. #Chile #Sebasti√°nPi√±era #Brasil #JairBolsonaro #Al‚Ä¶
2020-06-16 23:00:45.281215,Bot_Corona_V,1272631870795198466,1272631870795198466,2020-06-15 20:47:37+00:00,2020,6,15,0,20,47,0,"<a href=""https://github.com/snowlew"" rel=""nofollow"">Alpha-sun</a>",RT @nadiaulloa1: √öltimas informa√ß√µes sobre a situa√ß√£o do #Coronav√≠rus na #Am√©ricaLatina. #Chile #Sebasti√°nPi√±era #Brasil #JairBolsonaro #Al‚Ä¶
2020-06-16 23:00:47.884337,Bot_Corona_V,1272666883813228545,1272666883813228545,2020-06-15 23:06:44+00:00,2020,6,15,0,23,6,0,"<a href=""https://github.com/snowlew"" rel=""nofollow"">Alpha-sun</a>","RT @CLAUDIACALIEL: Corre aqui @jairbolsonaro, o Trump acabou de oficializar o #Brasil como lix√£o de medicamento IN√öTIL/PERIGOSO

#Bolsonaro‚Ä¶"
2020-06-16 23:00:48.188245,Bot_Corona_V,1272666883813228545,1272666883813228545,2020-06-15 23:06:44+00:00,2020,6,15,0,23,6,0,"<a href=""https://github.com/snowlew"" rel=""nofollow"">Alpha-sun</a>","RT @CLAUDIACALIEL: Corre aqui @jairbolsonaro, o Trump acabou de oficializar o #Brasil como lix√£o de medicamento IN√öTIL/PERIGOSO

#Bolsonaro‚Ä¶"
2020-06-16 23:00:47.571151,Bot_Corona_V,1272666883813228545,1272666883813228545,2020-06-15 23:06:44+00:00,2020,6,15,0,23,6,0,"<a href=""https://github.com/snowlew"" rel=""nofollow"">Alpha-sun</a>","RT @CLAUDIACALIEL: Corre aqui @jairbolsonaro, o Trump acabou de oficializar o #Brasil como lix√£o de medicamento IN√öTIL/PERIGOSO

#Bolsonaro‚Ä¶"
2020-06-16 23:00:46.641989,Bot_Corona_V,1272666883813228545,1272666883813228545,2020-06-15 23:06:44+00:00,2020,6,15,0,23,6,0,"<a href=""https://github.com/snowlew"" rel=""nofollow"">Alpha-sun</a>","RT @CLAUDIACALIEL: Corre aqui @jairbolsonaro, o Trump acabou de oficializar o #Brasil como lix√£o de medicamento IN√öTIL/PERIGOSO

#Bolsonaro‚Ä¶"
2020-06-16 23:00:44.603639,Bot_Corona_V,1272666883813228545,1272666883813228545,2020-06-15 23:06:44+00:00,2020,6,15,0,23,6,0,"<a href=""https://github.com/snowlew"" rel=""nofollow"">Alpha-sun</a>","RT @CLAUDIACALIEL: Corre aqui @jairbolsonaro, o Trump acabou de oficializar o #Brasil como lix√£o de medicamento IN√öTIL/PERIGOSO

#Bolsonaro‚Ä¶"
2020-06-16 23:00:45.281215,Bot_Corona_V,1272666883813228545,1272666883813228545,2020-06-15 23:06:44+00:00,2020,6,15,0,23,6,0,"<a href=""https://github.com/snowlew"" rel=""nofollow"">Alpha-sun</a>","RT @CLAUDIACALIEL: Corre aqui @jairbolsonaro, o Trump acabou de oficializar o #Brasil como lix√£o de medicamento IN√öTIL/PERIGOSO

#Bolsonaro‚Ä¶"
2020-06-16 23:00:46.229831,Bot_Corona_V,1272666883813228545,1272666883813228545,2020-06-15 23:06:44+00:00,2020,6,15,0,23,6,0,"<a href=""https://github.com/snowlew"" rel=""nofollow"">Alpha-sun</a>","RT @CLAUDIACALIEL: Corre aqui @jairbolsonaro, o Trump acabou de oficializar o #Brasil como lix√£o de medicamento IN√öTIL/PERIGOSO

#Bolsonaro‚Ä¶"
2020-06-16 23:00:47.235808,Bot_Corona_V,1272666883813228545,1272666883813228545,2020-06-15 23:06:44+00:00,2020,6,15,0,23,6,0,"<a href=""https://github.com/snowlew"" rel=""nofollow"">Alpha-sun</a>","RT @CLAUDIACALIEL: Corre aqui @jairbolsonaro, o Trump acabou de oficializar o #Brasil como lix√£o de medicamento IN√öTIL/PERIGOSO

#Bolsonaro‚Ä¶"
2020-06-16 23:00:44.962245,Bot_Corona_V,1272666883813228545,1272666883813228545,2020-06-15 23:06:44+00:00,2020,6,15,0,23,6,0,"<a href=""https://github.com/snowlew"" rel=""nofollow"">Alpha-sun</a>","RT @CLAUDIACALIEL: Corre aqui @jairbolsonaro, o Trump acabou de oficializar o #Brasil como lix√£o de medicamento IN√öTIL/PERIGOSO

#Bolsonaro‚Ä¶"
2020-06-16 23:00:45.724826,Bot_Corona_V,1272666883813228545,1272666883813228545,2020-06-15 23:06:44+00:00,2020,6,15,0,23,6,0,"<a href=""https://github.com/snowlew"" rel=""nofollow"">Alpha-sun</a>","RT @CLAUDIACALIEL: Corre aqui @jairbolsonaro, o Trump acabou de oficializar o #Brasil como lix√£o de medicamento IN√öTIL/PERIGOSO

#Bolsonaro‚Ä¶"
2020-06-16 23:00:45.281215,Bot_Corona_V,1272736658962755584,1272736658962755584,2020-06-16 03:44:00+00:00,2020,6,16,1,3,44,0,"<a href=""https://github.com/snowlew"" rel=""nofollow"">Alpha-sun</a>",RT @Roma_Siqueira: Jornalistas e esquerdistas insistem na narrativa BOLSONARO GENOCIDA! Ajude seus amigos e familiares a conhecerem a verda‚Ä¶
2020-06-16 23:00:46.641989,Bot_Corona_V,1272736658962755584,1272736658962755584,2020-06-16 03:44:00+00:00,2020,6,16,1,3,44,0,"<a href=""https://github.com/snowlew"" rel=""nofollow"">Alpha-sun</a>",RT @Roma_Siqueira: Jornalistas e esquerdistas insistem na narrativa BOLSONARO GENOCIDA! Ajude seus amigos e familiares a conhecerem a verda‚Ä¶
2020-06-16 23:00:46.229831,Bot_Corona_V,1272736658962755584,1272736658962755584,2020-06-16 03:44:00+00:00,2020,6,16,1,3,44,0,"<a href=""https://github.com/snowlew"" rel=""nofollow"">Alpha-sun</a>",RT @Roma_Siqueira: Jornalistas e esquerdistas insistem na narrativa BOLSONARO GENOCIDA! Ajude seus amigos e familiares a conhecerem a verda‚Ä¶
2020-06-16 23:00:44.603639,Bot_Corona_V,1272736658962755584,1272736658962755584,2020-06-16 03:44:00+00:00,2020,6,16,1,3,44,0,"<a href=""https://github.com/snowlew"" rel=""nofollow"">Alpha-sun</a>",RT @Roma_Siqueira: Jornalistas e esquerdistas insistem na narrativa BOLSONARO GENOCIDA! Ajude seus amigos e familiares a conhecerem a verda‚Ä¶
2020-06-16 23:00:45.724826,Bot_Corona_V,1272736658962755584,1272736658962755584,2020-06-16 03:44:00+00:00,2020,6,16,1,3,44,0,"<a href=""https://github.com/snowlew"" rel=""nofollow"">Alpha-sun</a>",RT @Roma_Siqueira: Jornalistas e esquerdistas insistem na narrativa BOLSONARO GENOCIDA! Ajude seus amigos e familiares a conhecerem a verda‚Ä¶
2020-06-16 23:00:47.235808,Bot_Corona_V,1272736658962755584,1272736658962755584,2020-06-16 03:44:00+00:00,2020,6,16,1,3,44,0,"<a href=""https://github.com/snowlew"" rel=""nofollow"">Alpha-sun</a>",RT @Roma_Siqueira: Jornalistas e esquerdistas insistem na narrativa BOLSONARO GENOCIDA! Ajude seus amigos e familiares a conhecerem a verda‚Ä¶
2020-06-16 23:00:47.571151,Bot_Corona_V,1272736658962755584,1272736658962755584,2020-06-16 03:44:00+00:00,2020,6,16,1,3,44,0,"<a href=""https://github.com/snowlew"" rel=""nofollow"">Alpha-sun</a>",RT @Roma_Siqueira: Jornalistas e esquerdistas insistem na narrativa BOLSONARO GENOCIDA! Ajude seus amigos e familiares a conhecerem a verda‚Ä¶
2020-06-16 23:00:48.188245,Bot_Corona_V,1272736658962755584,1272736658962755584,2020-06-16 03:44:00+00:00,2020,6,16,1,3,44,0,"<a href=""https://github.com/snowlew"" rel=""nofollow"">Alpha-sun</a>",RT @Roma_Siqueira: Jornalistas e esquerdistas insistem na narrativa BOLSONARO GENOCIDA! Ajude seus amigos e familiares a conhecerem a verda‚Ä¶
2020-06-16 23:00:44.962245,Bot_Corona_V,1272736658962755584,1272736658962755584,2020-06-16 03:44:00+00:00,2020,6,16,1,3,44,0,"<a href=""https://github.com/snowlew"" rel=""nofollow"">Alpha-sun</a>",RT @Roma_Siqueira: Jornalistas e esquerdistas insistem na narrativa BOLSONARO GENOCIDA! Ajude seus amigos e familiares a conhecerem a verda‚Ä¶
2020-06-16 23:00:47.884337,Bot_Corona_V,1272736658962755584,1272736658962755584,2020-06-16 03:44:00+00:00,2020,6,16,1,3,44,0,"<a href=""https://github.com/snowlew"" rel=""nofollow"">Alpha-sun</a>",RT @Roma_Siqueira: Jornalistas e esquerdistas insistem na narrativa BOLSONARO GENOCIDA! Ajude seus amigos e familiares a conhecerem a verda‚Ä¶
2020-06-16 23:00:45.724826,Bot_Corona_V,1272941118083252226,1272941118083252226,2020-06-16 17:16:27+00:00,2020,6,16,1,17,16,0,"<a href=""https://github.com/snowlew"" rel=""nofollow"">Alpha-sun</a>","RT @QDilmae: Querido Di√°rio... ""Brasil acima de tudo, COVID-19 pra cima de todos"" parab√©ns seu @jairbolsonaro 
#coronavirus 
#COVID19 
#fsr‚Ä¶"
2020-06-16 23:00:48.188245,Bot_Corona_V,1272941118083252226,1272941118083252226,2020-06-16 17:16:27+00:00,2020,6,16,1,17,16,0,"<a href=""https://github.com/snowlew"" rel=""nofollow"">Alpha-sun</a>","RT @QDilmae: Querido Di√°rio... ""Brasil acima de tudo, COVID-19 pra cima de todos"" parab√©ns seu @jairbolsonaro 
#coronavirus 
#COVID19 
#fsr‚Ä¶"
2020-06-16 23:00:46.229831,Bot_Corona_V,1272941118083252226,1272941118083252226,2020-06-16 17:16:27+00:00,2020,6,16,1,17,16,0,"<a href=""https://github.com/snowlew"" rel=""nofollow"">Alpha-sun</a>","RT @QDilmae: Querido Di√°rio... ""Brasil acima de tudo, COVID-19 pra cima de todos"" parab√©ns seu @jairbolsonaro 
#coronavirus 
#COVID19 
#fsr‚Ä¶"
2020-06-16 23:00:44.603639,Bot_Corona_V,1272941118083252226,1272941118083252226,2020-06-16 17:16:27+00:00,2020,6,16,1,17,16,0,"<a href=""https://github.com/snowlew"" rel=""nofollow"">Alpha-sun</a>","RT @QDilmae: Querido Di√°rio... ""Brasil acima de tudo, COVID-19 pra cima de todos"" parab√©ns seu @jairbolsonaro 
#coronavirus 
#COVID19 
#fsr‚Ä¶"
2020-06-16 23:00:45.281215,Bot_Corona_V,1272941118083252226,1272941118083252226,2020-06-16 17:16:27+00:00,2020,6,16,1,17,16,0,"<a href=""https://github.com/snowlew"" rel=""nofollow"">Alpha-sun</a>","RT @QDilmae: Querido Di√°rio... ""Brasil acima de tudo, COVID-19 pra cima de todos"" parab√©ns seu @jairbolsonaro 
#coronavirus 
#COVID19 
#fsr‚Ä¶"
2020-06-16 23:00:46.641989,Bot_Corona_V,1272941118083252226,1272941118083252226,2020-06-16 17:16:27+00:00,2020,6,16,1,17,16,0,"<a href=""https://github.com/snowlew"" rel=""nofollow"">Alpha-sun</a>","RT @QDilmae: Querido Di√°rio... ""Brasil acima de tudo, COVID-19 pra cima de todos"" parab√©ns seu @jairbolsonaro 
#coronavirus 
#COVID19 
#fsr‚Ä¶"
2020-06-16 23:00:44.962245,Bot_Corona_V,1272941118083252226,1272941118083252226,2020-06-16 17:16:27+00:00,2020,6,16,1,17,16,0,"<a href=""https://github.com/snowlew"" rel=""nofollow"">Alpha-sun</a>","RT @QDilmae: Querido Di√°rio... ""Brasil acima de tudo, COVID-19 pra cima de todos"" parab√©ns seu @jairbolsonaro 
#coronavirus 
#COVID19 
#fsr‚Ä¶"
2020-06-16 23:00:47.235808,Bot_Corona_V,1272941118083252226,1272941118083252226,2020-06-16 17:16:27+00:00,2020,6,16,1,17,16,0,"<a href=""https://github.com/snowlew"" rel=""nofollow"">Alpha-sun</a>","RT @QDilmae: Querido Di√°rio... ""Brasil acima de tudo, COVID-19 pra cima de todos"" parab√©ns seu @jairbolsonaro 
#coronavirus 
#COVID19 
#fsr‚Ä¶"
2020-06-16 23:00:47.571151,Bot_Corona_V,1272941118083252226,1272941118083252226,2020-06-16 17:16:27+00:00,2020,6,16,1,17,16,0,"<a href=""https://github.com/snowlew"" rel=""nofollow"">Alpha-sun</a>","RT @QDilmae: Querido Di√°rio... ""Brasil acima de tudo, COVID-19 pra cima de todos"" parab√©ns seu @jairbolsonaro 
#coronavirus 
#COVID19 
#fsr‚Ä¶"
2020-06-16 23:00:47.884337,Bot_Corona_V,1272941118083252226,1272941118083252226,2020-06-16 17:16:27+00:00,2020,6,16,1,17,16,0,"<a href=""https://github.com/snowlew"" rel=""nofollow"">Alpha-sun</a>","RT @QDilmae: Querido Di√°rio... ""Brasil acima de tudo, COVID-19 pra cima de todos"" parab√©ns seu @jairbolsonaro 
#coronavirus 
#COVID19 
#fsr‚Ä¶"
2020-06-16 23:00:45.281215,Bot_Corona_V,1272954468091539457,1272954468091539457,2020-06-16 18:09:30+00:00,2020,6,16,1,18,9,0,"<a href=""https://github.com/snowlew"" rel=""nofollow"">Alpha-sun</a>","RT @TatoDeMacedo1: Hoje, 16 de junho de 2020:
Faz 3 meses da primeira morte pela ""gripezinha"" de @jairbolsonaro.
 O Brasil,epicentro mundia‚Ä¶"
2020-06-16 23:00:45.281215,Bot_Corona_V,1272954468154433537,1272954468154433537,2020-06-16 18:09:30+00:00,2020,6,16,1,18,9,0,"<a href=""https://github.com/snowlew"" rel=""nofollow"">Alpha-sun</a>","RT @TatoDeMacedo1: Hoje, 16 de junho de 2020:
Faz 3 meses da primeira morte pela ""gripezinha"" de @jairbolsonaro.
 O Brasil,epicentro mundia‚Ä¶"
2020-06-16 23:00:44.962245,Bot_Corona_V,1272954468091539457,1272954468091539457,2020-06-16 18:09:30+00:00,2020,6,16,1,18,9,0,"<a href=""https://github.com/snowlew"" rel=""nofollow"">Alpha-sun</a>","RT @TatoDeMacedo1: Hoje, 16 de junho de 2020:
Faz 3 meses da primeira morte pela ""gripezinha"" de @jairbolsonaro.
 O Brasil,epicentro mundia‚Ä¶"
2020-06-16 23:00:44.962245,Bot_Corona_V,1272954468154433537,1272954468154433537,2020-06-16 18:09:30+00:00,2020,6,16,1,18,9,0,"<a href=""https://github.com/snowlew"" rel=""nofollow"">Alpha-sun</a>","RT @TatoDeMacedo1: Hoje, 16 de junho de 2020:
Faz 3 meses da primeira morte pela ""gripezinha"" de @jairbolsonaro.
 O Brasil,epicentro mundia‚Ä¶"
2020-06-16 23:00:48.188245,Bot_Corona_V,1272954468091539457,1272954468091539457,2020-06-16 18:09:30+00:00,2020,6,16,1,18,9,0,"<a href=""https://github.com/snowlew"" rel=""nofollow"">Alpha-sun</a>","RT @TatoDeMacedo1: Hoje, 16 de junho de 2020:
Faz 3 meses da primeira morte pela ""gripezinha"" de @jairbolsonaro.
 O Brasil,epicentro mundia‚Ä¶"
2020-06-16 23:00:46.229831,Bot_Corona_V,1272954468091539457,1272954468091539457,2020-06-16 18:09:30+00:00,2020,6,16,1,18,9,0,"<a href=""https://github.com/snowlew"" rel=""nofollow"">Alpha-sun</a>","RT @TatoDeMacedo1: Hoje, 16 de junho de 2020:
Faz 3 meses da primeira morte pela ""gripezinha"" de @jairbolsonaro.
 O Brasil,epicentro mundia‚Ä¶"
2020-06-16 23:00:44.603639,Bot_Corona_V,1272954468091539457,1272954468091539457,2020-06-16 18:09:30+00:00,2020,6,16,1,18,9,0,"<a href=""https://github.com/snowlew"" rel=""nofollow"">Alpha-sun</a>","RT @TatoDeMacedo1: Hoje, 16 de junho de 2020:
Faz 3 meses da primeira morte pela ""gripezinha"" de @jairbolsonaro.
 O Brasil,epicentro mundia‚Ä¶"
2020-06-16 23:00:45.724826,Bot_Corona_V,1272954468154433537,1272954468154433537,2020-06-16 18:09:30+00:00,2020,6,16,1,18,9,0,"<a href=""https://github.com/snowlew"" rel=""nofollow"">Alpha-sun</a>","RT @TatoDeMacedo1: Hoje, 16 de junho de 2020:
Faz 3 meses da primeira morte pela ""gripezinha"" de @jairbolsonaro.
 O Brasil,epicentro mundia‚Ä¶"
2020-06-16 23:00:45.724826,Bot_Corona_V,1272954468091539457,1272954468091539457,2020-06-16 18:09:30+00:00,2020,6,16,1,18,9,0,"<a href=""https://github.com/snowlew"" rel=""nofollow"">Alpha-sun</a>","RT @TatoDeMacedo1: Hoje, 16 de junho de 2020:
Faz 3 meses da primeira morte pela ""gripezinha"" de @jairbolsonaro.
 O Brasil,epicentro mundia‚Ä¶"
2020-06-16 23:00:46.229831,Bot_Corona_V,1272954468154433537,1272954468154433537,2020-06-16 18:09:30+00:00,2020,6,16,1,18,9,0,"<a href=""https://github.com/snowlew"" rel=""nofollow"">Alpha-sun</a>","RT @TatoDeMacedo1: Hoje, 16 de junho de 2020:
Faz 3 meses da primeira morte pela ""gripezinha"" de @jairbolsonaro.
 O Brasil,epicentro mundia‚Ä¶"
2020-06-16 23:00:47.884337,Bot_Corona_V,1272954468091539457,1272954468091539457,2020-06-16 18:09:30+00:00,2020,6,16,1,18,9,0,"<a href=""https://github.com/snowlew"" rel=""nofollow"">Alpha-sun</a>","RT @TatoDeMacedo1: Hoje, 16 de junho de 2020:
Faz 3 meses da primeira morte pela ""gripezinha"" de @jairbolsonaro.
 O Brasil,epicentro mundia‚Ä¶"
2020-06-16 23:00:47.884337,Bot_Corona_V,1272954468154433537,1272954468154433537,2020-06-16 18:09:30+00:00,2020,6,16,1,18,9,0,"<a href=""https://github.com/snowlew"" rel=""nofollow"">Alpha-sun</a>","RT @TatoDeMacedo1: Hoje, 16 de junho de 2020:
Faz 3 meses da primeira morte pela ""gripezinha"" de @jairbolsonaro.
 O Brasil,epicentro mundia‚Ä¶"
2020-06-16 23:00:46.641989,Bot_Corona_V,1272954468154433537,1272954468154433537,2020-06-16 18:09:30+00:00,2020,6,16,1,18,9,0,"<a href=""https://github.com/snowlew"" rel=""nofollow"">Alpha-sun</a>","RT @TatoDeMacedo1: Hoje, 16 de junho de 2020:
Faz 3 meses da primeira morte pela ""gripezinha"" de @jairbolsonaro.
 O Brasil,epicentro mundia‚Ä¶"
2020-06-16 23:00:46.641989,Bot_Corona_V,1272954468091539457,1272954468091539457,2020-06-16 18:09:30+00:00,2020,6,16,1,18,9,0,"<a href=""https://github.com/snowlew"" rel=""nofollow"">Alpha-sun</a>","RT @TatoDeMacedo1: Hoje, 16 de junho de 2020:
Faz 3 meses da primeira morte pela ""gripezinha"" de @jairbolsonaro.
 O Brasil,epicentro mundia‚Ä¶"
2020-06-16 23:00:47.235808,Bot_Corona_V,1272954468154433537,1272954468154433537,2020-06-16 18:09:30+00:00,2020,6,16,1,18,9,0,"<a href=""https://github.com/snowlew"" rel=""nofollow"">Alpha-sun</a>","RT @TatoDeMacedo1: Hoje, 16 de junho de 2020:
Faz 3 meses da primeira morte pela ""gripezinha"" de @jairbolsonaro.
 O Brasil,epicentro mundia‚Ä¶"
2020-06-16 23:00:47.235808,Bot_Corona_V,1272954468091539457,1272954468091539457,2020-06-16 18:09:30+00:00,2020,6,16,1,18,9,0,"<a href=""https://github.com/snowlew"" rel=""nofollow"">Alpha-sun</a>","RT @TatoDeMacedo1: Hoje, 16 de junho de 2020:
Faz 3 meses da primeira morte pela ""gripezinha"" de @jairbolsonaro.
 O Brasil,epicentro mundia‚Ä¶"
2020-06-16 23:00:47.571151,Bot_Corona_V,1272954468091539457,1272954468091539457,2020-06-16 18:09:30+00:00,2020,6,16,1,18,9,0,"<a href=""https://github.com/snowlew"" rel=""nofollow"">Alpha-sun</a>","RT @TatoDeMacedo1: Hoje, 16 de junho de 2020:
Faz 3 meses da primeira morte pela ""gripezinha"" de @jairbolsonaro.
 O Brasil,epicentro mundia‚Ä¶"
2020-06-16 23:00:47.571151,Bot_Corona_V,1272954468154433537,1272954468154433537,2020-06-16 18:09:30+00:00,2020,6,16,1,18,9,0,"<a href=""https://github.com/snowlew"" rel=""nofollow"">Alpha-sun</a>","RT @TatoDeMacedo1: Hoje, 16 de junho de 2020:
Faz 3 meses da primeira morte pela ""gripezinha"" de @jairbolsonaro.
 O Brasil,epicentro mundia‚Ä¶"
2020-06-16 23:00:48.188245,Bot_Corona_V,1272954468154433537,1272954468154433537,2020-06-16 18:09:30+00:00,2020,6,16,1,18,9,0,"<a href=""https://github.com/snowlew"" rel=""nofollow"">Alpha-sun</a>","RT @TatoDeMacedo1: Hoje, 16 de junho de 2020:
Faz 3 meses da primeira morte pela ""gripezinha"" de @jairbolsonaro.
 O Brasil,epicentro mundia‚Ä¶"
2020-06-16 23:00:44.603639,Bot_Corona_V,1272954468154433537,1272954468154433537,2020-06-16 18:09:30+00:00,2020,6,16,1,18,9,0,"<a href=""https://github.com/snowlew"" rel=""nofollow"">Alpha-sun</a>","RT @TatoDeMacedo1: Hoje, 16 de junho de 2020:
Faz 3 meses da primeira morte pela ""gripezinha"" de @jairbolsonaro.
 O Brasil,epicentro mundia‚Ä¶"
