mined_at,tweet_id,tweet_id_str,in_reply_to_screen_name,in_reply_to_status_id,in_reply_to_user_id,hashtags,source,language,created_at,year,month,day,day_of_week,hour,minute,screen_name,user_tweet_id,user_tweet_id_str,user_favourites_count,followers_count,friends_count,text
2020-06-21 01:19:49.752188,1273602220232146950,1273602220232146950,JelmerPe,1273591306049269760,129456398,[],"<a href=""http://twitter.com/download/iphone"" rel=""nofollow"">Twitter for iPhone</a>",nl,2020-06-18 13:03:26+00:00,2020,6,18,3,13,3,jelleprins,16546619,16546619,4414,10515,1063,@JelmerPe @picnic @JumboSupermarkt @albertheijn Ja die moet ik echt nog een keer proberen
2020-06-21 01:19:49.075014,1273602220232146950,1273602220232146950,JelmerPe,1273591306049269760,129456398,[],"<a href=""http://twitter.com/download/iphone"" rel=""nofollow"">Twitter for iPhone</a>",nl,2020-06-18 13:03:26+00:00,2020,6,18,3,13,3,jelleprins,16546619,16546619,4414,10515,1063,@JelmerPe @picnic @JumboSupermarkt @albertheijn Ja die moet ik echt nog een keer proberen
2020-06-21 01:19:49.243548,1273602220232146950,1273602220232146950,JelmerPe,1273591306049269760,129456398,[],"<a href=""http://twitter.com/download/iphone"" rel=""nofollow"">Twitter for iPhone</a>",nl,2020-06-18 13:03:26+00:00,2020,6,18,3,13,3,jelleprins,16546619,16546619,4414,10515,1063,@JelmerPe @picnic @JumboSupermarkt @albertheijn Ja die moet ik echt nog een keer proberen
2020-06-21 01:19:46.794993,1273602220232146950,1273602220232146950,JelmerPe,1273591306049269760,129456398,[],"<a href=""http://twitter.com/download/iphone"" rel=""nofollow"">Twitter for iPhone</a>",nl,2020-06-18 13:03:26+00:00,2020,6,18,3,13,3,jelleprins,16546619,16546619,4414,10515,1063,@JelmerPe @picnic @JumboSupermarkt @albertheijn Ja die moet ik echt nog een keer proberen
2020-06-21 01:19:48.831309,1273602220232146950,1273602220232146950,JelmerPe,1273591306049269760,129456398,[],"<a href=""http://twitter.com/download/iphone"" rel=""nofollow"">Twitter for iPhone</a>",nl,2020-06-18 13:03:26+00:00,2020,6,18,3,13,3,jelleprins,16546619,16546619,4414,10515,1063,@JelmerPe @picnic @JumboSupermarkt @albertheijn Ja die moet ik echt nog een keer proberen
2020-06-21 01:19:47.031694,1273602220232146950,1273602220232146950,JelmerPe,1273591306049269760,129456398,[],"<a href=""http://twitter.com/download/iphone"" rel=""nofollow"">Twitter for iPhone</a>",nl,2020-06-18 13:03:26+00:00,2020,6,18,3,13,3,jelleprins,16546619,16546619,4414,10515,1063,@JelmerPe @picnic @JumboSupermarkt @albertheijn Ja die moet ik echt nog een keer proberen
2020-06-21 01:19:46.242249,1273602220232146950,1273602220232146950,JelmerPe,1273591306049269760,129456398,[],"<a href=""http://twitter.com/download/iphone"" rel=""nofollow"">Twitter for iPhone</a>",nl,2020-06-18 13:03:26+00:00,2020,6,18,3,13,3,jelleprins,16546619,16546619,4414,10515,1063,@JelmerPe @picnic @JumboSupermarkt @albertheijn Ja die moet ik echt nog een keer proberen
2020-06-21 01:19:46.491105,1273602220232146950,1273602220232146950,JelmerPe,1273591306049269760,129456398,[],"<a href=""http://twitter.com/download/iphone"" rel=""nofollow"">Twitter for iPhone</a>",nl,2020-06-18 13:03:26+00:00,2020,6,18,3,13,3,jelleprins,16546619,16546619,4414,10515,1063,@JelmerPe @picnic @JumboSupermarkt @albertheijn Ja die moet ik echt nog een keer proberen
2020-06-21 01:19:47.290034,1273602220232146950,1273602220232146950,JelmerPe,1273591306049269760,129456398,[],"<a href=""http://twitter.com/download/iphone"" rel=""nofollow"">Twitter for iPhone</a>",nl,2020-06-18 13:03:26+00:00,2020,6,18,3,13,3,jelleprins,16546619,16546619,4414,10515,1063,@JelmerPe @picnic @JumboSupermarkt @albertheijn Ja die moet ik echt nog een keer proberen
2020-06-21 01:19:48.590575,1273602220232146950,1273602220232146950,JelmerPe,1273591306049269760,129456398,[],"<a href=""http://twitter.com/download/iphone"" rel=""nofollow"">Twitter for iPhone</a>",nl,2020-06-18 13:03:26+00:00,2020,6,18,3,13,3,jelleprins,16546619,16546619,4414,10515,1063,@JelmerPe @picnic @JumboSupermarkt @albertheijn Ja die moet ik echt nog een keer proberen
2020-06-21 01:19:48.065959,1273602220232146950,1273602220232146950,JelmerPe,1273591306049269760,129456398,[],"<a href=""http://twitter.com/download/iphone"" rel=""nofollow"">Twitter for iPhone</a>",nl,2020-06-18 13:03:26+00:00,2020,6,18,3,13,3,jelleprins,16546619,16546619,4414,10515,1063,@JelmerPe @picnic @JumboSupermarkt @albertheijn Ja die moet ik echt nog een keer proberen
2020-06-21 01:19:49.493895,1273602220232146950,1273602220232146950,JelmerPe,1273591306049269760,129456398,[],"<a href=""http://twitter.com/download/iphone"" rel=""nofollow"">Twitter for iPhone</a>",nl,2020-06-18 13:03:26+00:00,2020,6,18,3,13,3,jelleprins,16546619,16546619,4414,10515,1063,@JelmerPe @picnic @JumboSupermarkt @albertheijn Ja die moet ik echt nog een keer proberen
2020-06-21 01:19:47.545349,1273602220232146950,1273602220232146950,JelmerPe,1273591306049269760,129456398,[],"<a href=""http://twitter.com/download/iphone"" rel=""nofollow"">Twitter for iPhone</a>",nl,2020-06-18 13:03:26+00:00,2020,6,18,3,13,3,jelleprins,16546619,16546619,4414,10515,1063,@JelmerPe @picnic @JumboSupermarkt @albertheijn Ja die moet ik echt nog een keer proberen
2020-06-21 01:19:47.805653,1273602220232146950,1273602220232146950,JelmerPe,1273591306049269760,129456398,[],"<a href=""http://twitter.com/download/iphone"" rel=""nofollow"">Twitter for iPhone</a>",nl,2020-06-18 13:03:26+00:00,2020,6,18,3,13,3,jelleprins,16546619,16546619,4414,10515,1063,@JelmerPe @picnic @JumboSupermarkt @albertheijn Ja die moet ik echt nog een keer proberen
2020-06-21 01:19:48.292354,1273602220232146950,1273602220232146950,JelmerPe,1273591306049269760,129456398,[],"<a href=""http://twitter.com/download/iphone"" rel=""nofollow"">Twitter for iPhone</a>",nl,2020-06-18 13:03:26+00:00,2020,6,18,3,13,3,jelleprins,16546619,16546619,4414,10515,1063,@JelmerPe @picnic @JumboSupermarkt @albertheijn Ja die moet ik echt nog een keer proberen
2020-06-21 01:19:49.243548,1273602329791643653,1273602329791643653,dirkhens,1273591410537697282,20594738,[],"<a href=""http://twitter.com/download/iphone"" rel=""nofollow"">Twitter for iPhone</a>",nl,2020-06-18 13:03:52+00:00,2020,6,18,3,13,3,jelleprins,16546619,16546619,4414,10515,1063,"@dirkhens @picnic @JumboSupermarkt @albertheijn Ja, moet ik echt nog een keer proberen"
2020-06-21 01:19:48.065959,1273602329791643653,1273602329791643653,dirkhens,1273591410537697282,20594738,[],"<a href=""http://twitter.com/download/iphone"" rel=""nofollow"">Twitter for iPhone</a>",nl,2020-06-18 13:03:52+00:00,2020,6,18,3,13,3,jelleprins,16546619,16546619,4414,10515,1063,"@dirkhens @picnic @JumboSupermarkt @albertheijn Ja, moet ik echt nog een keer proberen"
2020-06-21 01:19:46.794993,1273602329791643653,1273602329791643653,dirkhens,1273591410537697282,20594738,[],"<a href=""http://twitter.com/download/iphone"" rel=""nofollow"">Twitter for iPhone</a>",nl,2020-06-18 13:03:52+00:00,2020,6,18,3,13,3,jelleprins,16546619,16546619,4414,10515,1063,"@dirkhens @picnic @JumboSupermarkt @albertheijn Ja, moet ik echt nog een keer proberen"
2020-06-21 01:19:47.805653,1273602329791643653,1273602329791643653,dirkhens,1273591410537697282,20594738,[],"<a href=""http://twitter.com/download/iphone"" rel=""nofollow"">Twitter for iPhone</a>",nl,2020-06-18 13:03:52+00:00,2020,6,18,3,13,3,jelleprins,16546619,16546619,4414,10515,1063,"@dirkhens @picnic @JumboSupermarkt @albertheijn Ja, moet ik echt nog een keer proberen"
2020-06-21 01:19:48.590575,1273602329791643653,1273602329791643653,dirkhens,1273591410537697282,20594738,[],"<a href=""http://twitter.com/download/iphone"" rel=""nofollow"">Twitter for iPhone</a>",nl,2020-06-18 13:03:52+00:00,2020,6,18,3,13,3,jelleprins,16546619,16546619,4414,10515,1063,"@dirkhens @picnic @JumboSupermarkt @albertheijn Ja, moet ik echt nog een keer proberen"
2020-06-21 01:19:47.031694,1273602329791643653,1273602329791643653,dirkhens,1273591410537697282,20594738,[],"<a href=""http://twitter.com/download/iphone"" rel=""nofollow"">Twitter for iPhone</a>",nl,2020-06-18 13:03:52+00:00,2020,6,18,3,13,3,jelleprins,16546619,16546619,4414,10515,1063,"@dirkhens @picnic @JumboSupermarkt @albertheijn Ja, moet ik echt nog een keer proberen"
2020-06-21 01:19:48.292354,1273602329791643653,1273602329791643653,dirkhens,1273591410537697282,20594738,[],"<a href=""http://twitter.com/download/iphone"" rel=""nofollow"">Twitter for iPhone</a>",nl,2020-06-18 13:03:52+00:00,2020,6,18,3,13,3,jelleprins,16546619,16546619,4414,10515,1063,"@dirkhens @picnic @JumboSupermarkt @albertheijn Ja, moet ik echt nog een keer proberen"
2020-06-21 01:19:48.831309,1273602329791643653,1273602329791643653,dirkhens,1273591410537697282,20594738,[],"<a href=""http://twitter.com/download/iphone"" rel=""nofollow"">Twitter for iPhone</a>",nl,2020-06-18 13:03:52+00:00,2020,6,18,3,13,3,jelleprins,16546619,16546619,4414,10515,1063,"@dirkhens @picnic @JumboSupermarkt @albertheijn Ja, moet ik echt nog een keer proberen"
2020-06-21 01:19:47.290034,1273602329791643653,1273602329791643653,dirkhens,1273591410537697282,20594738,[],"<a href=""http://twitter.com/download/iphone"" rel=""nofollow"">Twitter for iPhone</a>",nl,2020-06-18 13:03:52+00:00,2020,6,18,3,13,3,jelleprins,16546619,16546619,4414,10515,1063,"@dirkhens @picnic @JumboSupermarkt @albertheijn Ja, moet ik echt nog een keer proberen"
2020-06-21 01:19:47.545349,1273602329791643653,1273602329791643653,dirkhens,1273591410537697282,20594738,[],"<a href=""http://twitter.com/download/iphone"" rel=""nofollow"">Twitter for iPhone</a>",nl,2020-06-18 13:03:52+00:00,2020,6,18,3,13,3,jelleprins,16546619,16546619,4414,10515,1063,"@dirkhens @picnic @JumboSupermarkt @albertheijn Ja, moet ik echt nog een keer proberen"
2020-06-21 01:19:49.075014,1273602329791643653,1273602329791643653,dirkhens,1273591410537697282,20594738,[],"<a href=""http://twitter.com/download/iphone"" rel=""nofollow"">Twitter for iPhone</a>",nl,2020-06-18 13:03:52+00:00,2020,6,18,3,13,3,jelleprins,16546619,16546619,4414,10515,1063,"@dirkhens @picnic @JumboSupermarkt @albertheijn Ja, moet ik echt nog een keer proberen"
2020-06-21 01:19:46.491105,1273602329791643653,1273602329791643653,dirkhens,1273591410537697282,20594738,[],"<a href=""http://twitter.com/download/iphone"" rel=""nofollow"">Twitter for iPhone</a>",nl,2020-06-18 13:03:52+00:00,2020,6,18,3,13,3,jelleprins,16546619,16546619,4414,10515,1063,"@dirkhens @picnic @JumboSupermarkt @albertheijn Ja, moet ik echt nog een keer proberen"
2020-06-21 01:19:49.752188,1273602329791643653,1273602329791643653,dirkhens,1273591410537697282,20594738,[],"<a href=""http://twitter.com/download/iphone"" rel=""nofollow"">Twitter for iPhone</a>",nl,2020-06-18 13:03:52+00:00,2020,6,18,3,13,3,jelleprins,16546619,16546619,4414,10515,1063,"@dirkhens @picnic @JumboSupermarkt @albertheijn Ja, moet ik echt nog een keer proberen"
2020-06-21 01:19:46.242249,1273602329791643653,1273602329791643653,dirkhens,1273591410537697282,20594738,[],"<a href=""http://twitter.com/download/iphone"" rel=""nofollow"">Twitter for iPhone</a>",nl,2020-06-18 13:03:52+00:00,2020,6,18,3,13,3,jelleprins,16546619,16546619,4414,10515,1063,"@dirkhens @picnic @JumboSupermarkt @albertheijn Ja, moet ik echt nog een keer proberen"
2020-06-21 01:19:49.493895,1273602329791643653,1273602329791643653,dirkhens,1273591410537697282,20594738,[],"<a href=""http://twitter.com/download/iphone"" rel=""nofollow"">Twitter for iPhone</a>",nl,2020-06-18 13:03:52+00:00,2020,6,18,3,13,3,jelleprins,16546619,16546619,4414,10515,1063,"@dirkhens @picnic @JumboSupermarkt @albertheijn Ja, moet ik echt nog een keer proberen"
2020-06-21 01:19:47.290034,1273602593781145600,1273602593781145600,markjan55en,1273593297450270724,1208469866086313984,[],"<a href=""http://twitter.com/download/iphone"" rel=""nofollow"">Twitter for iPhone</a>",nl,2020-06-18 13:04:55+00:00,2020,6,18,3,13,4,jelleprins,16546619,16546619,4414,10515,1063,@markjan55en @picnic @JumboSupermarkt @albertheijn Oh als je daar hulp bij zoekt moet je eens @bramduvigneau vragen!
2020-06-21 01:19:49.243548,1273602593781145600,1273602593781145600,markjan55en,1273593297450270724,1208469866086313984,[],"<a href=""http://twitter.com/download/iphone"" rel=""nofollow"">Twitter for iPhone</a>",nl,2020-06-18 13:04:55+00:00,2020,6,18,3,13,4,jelleprins,16546619,16546619,4414,10515,1063,@markjan55en @picnic @JumboSupermarkt @albertheijn Oh als je daar hulp bij zoekt moet je eens @bramduvigneau vragen!
2020-06-21 01:19:46.491105,1273602593781145600,1273602593781145600,markjan55en,1273593297450270724,1208469866086313984,[],"<a href=""http://twitter.com/download/iphone"" rel=""nofollow"">Twitter for iPhone</a>",nl,2020-06-18 13:04:55+00:00,2020,6,18,3,13,4,jelleprins,16546619,16546619,4414,10515,1063,@markjan55en @picnic @JumboSupermarkt @albertheijn Oh als je daar hulp bij zoekt moet je eens @bramduvigneau vragen!
2020-06-21 01:19:48.065959,1273602593781145600,1273602593781145600,markjan55en,1273593297450270724,1208469866086313984,[],"<a href=""http://twitter.com/download/iphone"" rel=""nofollow"">Twitter for iPhone</a>",nl,2020-06-18 13:04:55+00:00,2020,6,18,3,13,4,jelleprins,16546619,16546619,4414,10515,1063,@markjan55en @picnic @JumboSupermarkt @albertheijn Oh als je daar hulp bij zoekt moet je eens @bramduvigneau vragen!
2020-06-21 01:19:49.752188,1273602593781145600,1273602593781145600,markjan55en,1273593297450270724,1208469866086313984,[],"<a href=""http://twitter.com/download/iphone"" rel=""nofollow"">Twitter for iPhone</a>",nl,2020-06-18 13:04:55+00:00,2020,6,18,3,13,4,jelleprins,16546619,16546619,4414,10515,1063,@markjan55en @picnic @JumboSupermarkt @albertheijn Oh als je daar hulp bij zoekt moet je eens @bramduvigneau vragen!
2020-06-21 01:19:48.831309,1273602593781145600,1273602593781145600,markjan55en,1273593297450270724,1208469866086313984,[],"<a href=""http://twitter.com/download/iphone"" rel=""nofollow"">Twitter for iPhone</a>",nl,2020-06-18 13:04:55+00:00,2020,6,18,3,13,4,jelleprins,16546619,16546619,4414,10515,1063,@markjan55en @picnic @JumboSupermarkt @albertheijn Oh als je daar hulp bij zoekt moet je eens @bramduvigneau vragen!
2020-06-21 01:19:48.292354,1273602593781145600,1273602593781145600,markjan55en,1273593297450270724,1208469866086313984,[],"<a href=""http://twitter.com/download/iphone"" rel=""nofollow"">Twitter for iPhone</a>",nl,2020-06-18 13:04:55+00:00,2020,6,18,3,13,4,jelleprins,16546619,16546619,4414,10515,1063,@markjan55en @picnic @JumboSupermarkt @albertheijn Oh als je daar hulp bij zoekt moet je eens @bramduvigneau vragen!
2020-06-21 01:19:47.805653,1273602593781145600,1273602593781145600,markjan55en,1273593297450270724,1208469866086313984,[],"<a href=""http://twitter.com/download/iphone"" rel=""nofollow"">Twitter for iPhone</a>",nl,2020-06-18 13:04:55+00:00,2020,6,18,3,13,4,jelleprins,16546619,16546619,4414,10515,1063,@markjan55en @picnic @JumboSupermarkt @albertheijn Oh als je daar hulp bij zoekt moet je eens @bramduvigneau vragen!
2020-06-21 01:19:49.493895,1273602593781145600,1273602593781145600,markjan55en,1273593297450270724,1208469866086313984,[],"<a href=""http://twitter.com/download/iphone"" rel=""nofollow"">Twitter for iPhone</a>",nl,2020-06-18 13:04:55+00:00,2020,6,18,3,13,4,jelleprins,16546619,16546619,4414,10515,1063,@markjan55en @picnic @JumboSupermarkt @albertheijn Oh als je daar hulp bij zoekt moet je eens @bramduvigneau vragen!
2020-06-21 01:19:48.590575,1273602593781145600,1273602593781145600,markjan55en,1273593297450270724,1208469866086313984,[],"<a href=""http://twitter.com/download/iphone"" rel=""nofollow"">Twitter for iPhone</a>",nl,2020-06-18 13:04:55+00:00,2020,6,18,3,13,4,jelleprins,16546619,16546619,4414,10515,1063,@markjan55en @picnic @JumboSupermarkt @albertheijn Oh als je daar hulp bij zoekt moet je eens @bramduvigneau vragen!
2020-06-21 01:19:47.031694,1273602593781145600,1273602593781145600,markjan55en,1273593297450270724,1208469866086313984,[],"<a href=""http://twitter.com/download/iphone"" rel=""nofollow"">Twitter for iPhone</a>",nl,2020-06-18 13:04:55+00:00,2020,6,18,3,13,4,jelleprins,16546619,16546619,4414,10515,1063,@markjan55en @picnic @JumboSupermarkt @albertheijn Oh als je daar hulp bij zoekt moet je eens @bramduvigneau vragen!
2020-06-21 01:19:49.075014,1273602593781145600,1273602593781145600,markjan55en,1273593297450270724,1208469866086313984,[],"<a href=""http://twitter.com/download/iphone"" rel=""nofollow"">Twitter for iPhone</a>",nl,2020-06-18 13:04:55+00:00,2020,6,18,3,13,4,jelleprins,16546619,16546619,4414,10515,1063,@markjan55en @picnic @JumboSupermarkt @albertheijn Oh als je daar hulp bij zoekt moet je eens @bramduvigneau vragen!
2020-06-21 01:19:46.794993,1273602593781145600,1273602593781145600,markjan55en,1273593297450270724,1208469866086313984,[],"<a href=""http://twitter.com/download/iphone"" rel=""nofollow"">Twitter for iPhone</a>",nl,2020-06-18 13:04:55+00:00,2020,6,18,3,13,4,jelleprins,16546619,16546619,4414,10515,1063,@markjan55en @picnic @JumboSupermarkt @albertheijn Oh als je daar hulp bij zoekt moet je eens @bramduvigneau vragen!
2020-06-21 01:19:46.242249,1273602593781145600,1273602593781145600,markjan55en,1273593297450270724,1208469866086313984,[],"<a href=""http://twitter.com/download/iphone"" rel=""nofollow"">Twitter for iPhone</a>",nl,2020-06-18 13:04:55+00:00,2020,6,18,3,13,4,jelleprins,16546619,16546619,4414,10515,1063,@markjan55en @picnic @JumboSupermarkt @albertheijn Oh als je daar hulp bij zoekt moet je eens @bramduvigneau vragen!
2020-06-21 01:19:47.545349,1273602593781145600,1273602593781145600,markjan55en,1273593297450270724,1208469866086313984,[],"<a href=""http://twitter.com/download/iphone"" rel=""nofollow"">Twitter for iPhone</a>",nl,2020-06-18 13:04:55+00:00,2020,6,18,3,13,4,jelleprins,16546619,16546619,4414,10515,1063,@markjan55en @picnic @JumboSupermarkt @albertheijn Oh als je daar hulp bij zoekt moet je eens @bramduvigneau vragen!
2020-06-21 01:19:46.242249,1273602907330482180,1273602907330482180,roelandp,1273599801293242368,1502181,[],"<a href=""http://twitter.com/download/iphone"" rel=""nofollow"">Twitter for iPhone</a>",nl,2020-06-18 13:06:10+00:00,2020,6,18,3,13,6,jelleprins,16546619,16546619,4414,10515,1063,"@roelandp @Oli4K @picnic @JumboSupermarkt @albertheijn Nee, maar ik hoop op Instagram integratie ü§û"
2020-06-21 01:19:49.493895,1273602907330482180,1273602907330482180,roelandp,1273599801293242368,1502181,[],"<a href=""http://twitter.com/download/iphone"" rel=""nofollow"">Twitter for iPhone</a>",nl,2020-06-18 13:06:10+00:00,2020,6,18,3,13,6,jelleprins,16546619,16546619,4414,10515,1063,"@roelandp @Oli4K @picnic @JumboSupermarkt @albertheijn Nee, maar ik hoop op Instagram integratie ü§û"
2020-06-21 01:19:48.831309,1273602907330482180,1273602907330482180,roelandp,1273599801293242368,1502181,[],"<a href=""http://twitter.com/download/iphone"" rel=""nofollow"">Twitter for iPhone</a>",nl,2020-06-18 13:06:10+00:00,2020,6,18,3,13,6,jelleprins,16546619,16546619,4414,10515,1063,"@roelandp @Oli4K @picnic @JumboSupermarkt @albertheijn Nee, maar ik hoop op Instagram integratie ü§û"
2020-06-21 01:19:47.290034,1273602907330482180,1273602907330482180,roelandp,1273599801293242368,1502181,[],"<a href=""http://twitter.com/download/iphone"" rel=""nofollow"">Twitter for iPhone</a>",nl,2020-06-18 13:06:10+00:00,2020,6,18,3,13,6,jelleprins,16546619,16546619,4414,10515,1063,"@roelandp @Oli4K @picnic @JumboSupermarkt @albertheijn Nee, maar ik hoop op Instagram integratie ü§û"
2020-06-21 01:19:47.031694,1273602907330482180,1273602907330482180,roelandp,1273599801293242368,1502181,[],"<a href=""http://twitter.com/download/iphone"" rel=""nofollow"">Twitter for iPhone</a>",nl,2020-06-18 13:06:10+00:00,2020,6,18,3,13,6,jelleprins,16546619,16546619,4414,10515,1063,"@roelandp @Oli4K @picnic @JumboSupermarkt @albertheijn Nee, maar ik hoop op Instagram integratie ü§û"
2020-06-21 01:19:48.590575,1273602907330482180,1273602907330482180,roelandp,1273599801293242368,1502181,[],"<a href=""http://twitter.com/download/iphone"" rel=""nofollow"">Twitter for iPhone</a>",nl,2020-06-18 13:06:10+00:00,2020,6,18,3,13,6,jelleprins,16546619,16546619,4414,10515,1063,"@roelandp @Oli4K @picnic @JumboSupermarkt @albertheijn Nee, maar ik hoop op Instagram integratie ü§û"
2020-06-21 01:19:46.491105,1273602907330482180,1273602907330482180,roelandp,1273599801293242368,1502181,[],"<a href=""http://twitter.com/download/iphone"" rel=""nofollow"">Twitter for iPhone</a>",nl,2020-06-18 13:06:10+00:00,2020,6,18,3,13,6,jelleprins,16546619,16546619,4414,10515,1063,"@roelandp @Oli4K @picnic @JumboSupermarkt @albertheijn Nee, maar ik hoop op Instagram integratie ü§û"
2020-06-21 01:19:47.545349,1273602907330482180,1273602907330482180,roelandp,1273599801293242368,1502181,[],"<a href=""http://twitter.com/download/iphone"" rel=""nofollow"">Twitter for iPhone</a>",nl,2020-06-18 13:06:10+00:00,2020,6,18,3,13,6,jelleprins,16546619,16546619,4414,10515,1063,"@roelandp @Oli4K @picnic @JumboSupermarkt @albertheijn Nee, maar ik hoop op Instagram integratie ü§û"
2020-06-21 01:19:48.292354,1273602907330482180,1273602907330482180,roelandp,1273599801293242368,1502181,[],"<a href=""http://twitter.com/download/iphone"" rel=""nofollow"">Twitter for iPhone</a>",nl,2020-06-18 13:06:10+00:00,2020,6,18,3,13,6,jelleprins,16546619,16546619,4414,10515,1063,"@roelandp @Oli4K @picnic @JumboSupermarkt @albertheijn Nee, maar ik hoop op Instagram integratie ü§û"
2020-06-21 01:19:46.794993,1273602907330482180,1273602907330482180,roelandp,1273599801293242368,1502181,[],"<a href=""http://twitter.com/download/iphone"" rel=""nofollow"">Twitter for iPhone</a>",nl,2020-06-18 13:06:10+00:00,2020,6,18,3,13,6,jelleprins,16546619,16546619,4414,10515,1063,"@roelandp @Oli4K @picnic @JumboSupermarkt @albertheijn Nee, maar ik hoop op Instagram integratie ü§û"
2020-06-21 01:19:47.805653,1273602907330482180,1273602907330482180,roelandp,1273599801293242368,1502181,[],"<a href=""http://twitter.com/download/iphone"" rel=""nofollow"">Twitter for iPhone</a>",nl,2020-06-18 13:06:10+00:00,2020,6,18,3,13,6,jelleprins,16546619,16546619,4414,10515,1063,"@roelandp @Oli4K @picnic @JumboSupermarkt @albertheijn Nee, maar ik hoop op Instagram integratie ü§û"
2020-06-21 01:19:49.752188,1273602907330482180,1273602907330482180,roelandp,1273599801293242368,1502181,[],"<a href=""http://twitter.com/download/iphone"" rel=""nofollow"">Twitter for iPhone</a>",nl,2020-06-18 13:06:10+00:00,2020,6,18,3,13,6,jelleprins,16546619,16546619,4414,10515,1063,"@roelandp @Oli4K @picnic @JumboSupermarkt @albertheijn Nee, maar ik hoop op Instagram integratie ü§û"
2020-06-21 01:19:49.243548,1273602907330482180,1273602907330482180,roelandp,1273599801293242368,1502181,[],"<a href=""http://twitter.com/download/iphone"" rel=""nofollow"">Twitter for iPhone</a>",nl,2020-06-18 13:06:10+00:00,2020,6,18,3,13,6,jelleprins,16546619,16546619,4414,10515,1063,"@roelandp @Oli4K @picnic @JumboSupermarkt @albertheijn Nee, maar ik hoop op Instagram integratie ü§û"
2020-06-21 01:19:48.065959,1273602907330482180,1273602907330482180,roelandp,1273599801293242368,1502181,[],"<a href=""http://twitter.com/download/iphone"" rel=""nofollow"">Twitter for iPhone</a>",nl,2020-06-18 13:06:10+00:00,2020,6,18,3,13,6,jelleprins,16546619,16546619,4414,10515,1063,"@roelandp @Oli4K @picnic @JumboSupermarkt @albertheijn Nee, maar ik hoop op Instagram integratie ü§û"
2020-06-21 01:19:49.075014,1273602907330482180,1273602907330482180,roelandp,1273599801293242368,1502181,[],"<a href=""http://twitter.com/download/iphone"" rel=""nofollow"">Twitter for iPhone</a>",nl,2020-06-18 13:06:10+00:00,2020,6,18,3,13,6,jelleprins,16546619,16546619,4414,10515,1063,"@roelandp @Oli4K @picnic @JumboSupermarkt @albertheijn Nee, maar ik hoop op Instagram integratie ü§û"
2020-06-21 01:19:47.545349,1273603583011930113,1273603583011930113,jelleprins,1273583081321041920,16546619,[],"<a href=""http://twitter.com/download/iphone"" rel=""nofollow"">Twitter for iPhone</a>",en,2020-06-18 13:08:51+00:00,2020,6,18,3,13,8,warpling,9787962,9787962,39429,5174,2299,@jelleprins @picnic @JumboSupermarkt @albertheijn Still on the waitlist ‚òπÔ∏è
2020-06-21 01:19:46.242249,1273603583011930113,1273603583011930113,jelleprins,1273583081321041920,16546619,[],"<a href=""http://twitter.com/download/iphone"" rel=""nofollow"">Twitter for iPhone</a>",en,2020-06-18 13:08:51+00:00,2020,6,18,3,13,8,warpling,9787962,9787962,39429,5174,2299,@jelleprins @picnic @JumboSupermarkt @albertheijn Still on the waitlist ‚òπÔ∏è
2020-06-21 01:19:48.292354,1273603583011930113,1273603583011930113,jelleprins,1273583081321041920,16546619,[],"<a href=""http://twitter.com/download/iphone"" rel=""nofollow"">Twitter for iPhone</a>",en,2020-06-18 13:08:51+00:00,2020,6,18,3,13,8,warpling,9787962,9787962,39429,5174,2299,@jelleprins @picnic @JumboSupermarkt @albertheijn Still on the waitlist ‚òπÔ∏è
2020-06-21 01:19:47.805653,1273603583011930113,1273603583011930113,jelleprins,1273583081321041920,16546619,[],"<a href=""http://twitter.com/download/iphone"" rel=""nofollow"">Twitter for iPhone</a>",en,2020-06-18 13:08:51+00:00,2020,6,18,3,13,8,warpling,9787962,9787962,39429,5174,2299,@jelleprins @picnic @JumboSupermarkt @albertheijn Still on the waitlist ‚òπÔ∏è
2020-06-21 01:19:49.752188,1273603583011930113,1273603583011930113,jelleprins,1273583081321041920,16546619,[],"<a href=""http://twitter.com/download/iphone"" rel=""nofollow"">Twitter for iPhone</a>",en,2020-06-18 13:08:51+00:00,2020,6,18,3,13,8,warpling,9787962,9787962,39429,5174,2299,@jelleprins @picnic @JumboSupermarkt @albertheijn Still on the waitlist ‚òπÔ∏è
2020-06-21 01:19:48.065959,1273603583011930113,1273603583011930113,jelleprins,1273583081321041920,16546619,[],"<a href=""http://twitter.com/download/iphone"" rel=""nofollow"">Twitter for iPhone</a>",en,2020-06-18 13:08:51+00:00,2020,6,18,3,13,8,warpling,9787962,9787962,39429,5174,2299,@jelleprins @picnic @JumboSupermarkt @albertheijn Still on the waitlist ‚òπÔ∏è
2020-06-21 01:19:47.290034,1273603583011930113,1273603583011930113,jelleprins,1273583081321041920,16546619,[],"<a href=""http://twitter.com/download/iphone"" rel=""nofollow"">Twitter for iPhone</a>",en,2020-06-18 13:08:51+00:00,2020,6,18,3,13,8,warpling,9787962,9787962,39429,5174,2299,@jelleprins @picnic @JumboSupermarkt @albertheijn Still on the waitlist ‚òπÔ∏è
2020-06-21 01:19:48.590575,1273603583011930113,1273603583011930113,jelleprins,1273583081321041920,16546619,[],"<a href=""http://twitter.com/download/iphone"" rel=""nofollow"">Twitter for iPhone</a>",en,2020-06-18 13:08:51+00:00,2020,6,18,3,13,8,warpling,9787962,9787962,39429,5174,2299,@jelleprins @picnic @JumboSupermarkt @albertheijn Still on the waitlist ‚òπÔ∏è
2020-06-21 01:19:47.031694,1273603583011930113,1273603583011930113,jelleprins,1273583081321041920,16546619,[],"<a href=""http://twitter.com/download/iphone"" rel=""nofollow"">Twitter for iPhone</a>",en,2020-06-18 13:08:51+00:00,2020,6,18,3,13,8,warpling,9787962,9787962,39429,5174,2299,@jelleprins @picnic @JumboSupermarkt @albertheijn Still on the waitlist ‚òπÔ∏è
2020-06-21 01:19:48.831309,1273603583011930113,1273603583011930113,jelleprins,1273583081321041920,16546619,[],"<a href=""http://twitter.com/download/iphone"" rel=""nofollow"">Twitter for iPhone</a>",en,2020-06-18 13:08:51+00:00,2020,6,18,3,13,8,warpling,9787962,9787962,39429,5174,2299,@jelleprins @picnic @JumboSupermarkt @albertheijn Still on the waitlist ‚òπÔ∏è
2020-06-21 01:19:46.491105,1273603583011930113,1273603583011930113,jelleprins,1273583081321041920,16546619,[],"<a href=""http://twitter.com/download/iphone"" rel=""nofollow"">Twitter for iPhone</a>",en,2020-06-18 13:08:51+00:00,2020,6,18,3,13,8,warpling,9787962,9787962,39429,5174,2299,@jelleprins @picnic @JumboSupermarkt @albertheijn Still on the waitlist ‚òπÔ∏è
2020-06-21 01:19:49.493895,1273603583011930113,1273603583011930113,jelleprins,1273583081321041920,16546619,[],"<a href=""http://twitter.com/download/iphone"" rel=""nofollow"">Twitter for iPhone</a>",en,2020-06-18 13:08:51+00:00,2020,6,18,3,13,8,warpling,9787962,9787962,39429,5174,2299,@jelleprins @picnic @JumboSupermarkt @albertheijn Still on the waitlist ‚òπÔ∏è
2020-06-21 01:19:49.243548,1273603583011930113,1273603583011930113,jelleprins,1273583081321041920,16546619,[],"<a href=""http://twitter.com/download/iphone"" rel=""nofollow"">Twitter for iPhone</a>",en,2020-06-18 13:08:51+00:00,2020,6,18,3,13,8,warpling,9787962,9787962,39429,5174,2299,@jelleprins @picnic @JumboSupermarkt @albertheijn Still on the waitlist ‚òπÔ∏è
2020-06-21 01:19:49.075014,1273603583011930113,1273603583011930113,jelleprins,1273583081321041920,16546619,[],"<a href=""http://twitter.com/download/iphone"" rel=""nofollow"">Twitter for iPhone</a>",en,2020-06-18 13:08:51+00:00,2020,6,18,3,13,8,warpling,9787962,9787962,39429,5174,2299,@jelleprins @picnic @JumboSupermarkt @albertheijn Still on the waitlist ‚òπÔ∏è
2020-06-21 01:19:46.794993,1273603583011930113,1273603583011930113,jelleprins,1273583081321041920,16546619,[],"<a href=""http://twitter.com/download/iphone"" rel=""nofollow"">Twitter for iPhone</a>",en,2020-06-18 13:08:51+00:00,2020,6,18,3,13,8,warpling,9787962,9787962,39429,5174,2299,@jelleprins @picnic @JumboSupermarkt @albertheijn Still on the waitlist ‚òπÔ∏è
2020-06-21 01:19:47.290034,1273608620949876737,1273608620949876737,jelleprins,1273583081321041920,16546619,[],"<a href=""http://twitter.com/#!/download/ipad"" rel=""nofollow"">Twitter for iPad</a>",und,2020-06-18 13:28:52+00:00,2020,6,18,3,13,28,okkevdwal,302502840,302502840,329,570,411,@jelleprins @picnic @JumboSupermarkt @albertheijn üôåüèª
2020-06-21 01:19:49.752188,1273608620949876737,1273608620949876737,jelleprins,1273583081321041920,16546619,[],"<a href=""http://twitter.com/#!/download/ipad"" rel=""nofollow"">Twitter for iPad</a>",und,2020-06-18 13:28:52+00:00,2020,6,18,3,13,28,okkevdwal,302502840,302502840,329,570,411,@jelleprins @picnic @JumboSupermarkt @albertheijn üôåüèª
2020-06-21 01:19:47.805653,1273608620949876737,1273608620949876737,jelleprins,1273583081321041920,16546619,[],"<a href=""http://twitter.com/#!/download/ipad"" rel=""nofollow"">Twitter for iPad</a>",und,2020-06-18 13:28:52+00:00,2020,6,18,3,13,28,okkevdwal,302502840,302502840,329,570,411,@jelleprins @picnic @JumboSupermarkt @albertheijn üôåüèª
2020-06-21 01:19:46.794993,1273608620949876737,1273608620949876737,jelleprins,1273583081321041920,16546619,[],"<a href=""http://twitter.com/#!/download/ipad"" rel=""nofollow"">Twitter for iPad</a>",und,2020-06-18 13:28:52+00:00,2020,6,18,3,13,28,okkevdwal,302502840,302502840,329,570,411,@jelleprins @picnic @JumboSupermarkt @albertheijn üôåüèª
2020-06-21 01:19:49.493895,1273608620949876737,1273608620949876737,jelleprins,1273583081321041920,16546619,[],"<a href=""http://twitter.com/#!/download/ipad"" rel=""nofollow"">Twitter for iPad</a>",und,2020-06-18 13:28:52+00:00,2020,6,18,3,13,28,okkevdwal,302502840,302502840,329,570,411,@jelleprins @picnic @JumboSupermarkt @albertheijn üôåüèª
2020-06-21 01:19:49.075014,1273608620949876737,1273608620949876737,jelleprins,1273583081321041920,16546619,[],"<a href=""http://twitter.com/#!/download/ipad"" rel=""nofollow"">Twitter for iPad</a>",und,2020-06-18 13:28:52+00:00,2020,6,18,3,13,28,okkevdwal,302502840,302502840,329,570,411,@jelleprins @picnic @JumboSupermarkt @albertheijn üôåüèª
2020-06-21 01:19:47.545349,1273608620949876737,1273608620949876737,jelleprins,1273583081321041920,16546619,[],"<a href=""http://twitter.com/#!/download/ipad"" rel=""nofollow"">Twitter for iPad</a>",und,2020-06-18 13:28:52+00:00,2020,6,18,3,13,28,okkevdwal,302502840,302502840,329,570,411,@jelleprins @picnic @JumboSupermarkt @albertheijn üôåüèª
2020-06-21 01:19:48.292354,1273608620949876737,1273608620949876737,jelleprins,1273583081321041920,16546619,[],"<a href=""http://twitter.com/#!/download/ipad"" rel=""nofollow"">Twitter for iPad</a>",und,2020-06-18 13:28:52+00:00,2020,6,18,3,13,28,okkevdwal,302502840,302502840,329,570,411,@jelleprins @picnic @JumboSupermarkt @albertheijn üôåüèª
2020-06-21 01:19:48.590575,1273608620949876737,1273608620949876737,jelleprins,1273583081321041920,16546619,[],"<a href=""http://twitter.com/#!/download/ipad"" rel=""nofollow"">Twitter for iPad</a>",und,2020-06-18 13:28:52+00:00,2020,6,18,3,13,28,okkevdwal,302502840,302502840,329,570,411,@jelleprins @picnic @JumboSupermarkt @albertheijn üôåüèª
2020-06-21 01:19:49.243548,1273608620949876737,1273608620949876737,jelleprins,1273583081321041920,16546619,[],"<a href=""http://twitter.com/#!/download/ipad"" rel=""nofollow"">Twitter for iPad</a>",und,2020-06-18 13:28:52+00:00,2020,6,18,3,13,28,okkevdwal,302502840,302502840,329,570,411,@jelleprins @picnic @JumboSupermarkt @albertheijn üôåüèª
2020-06-21 01:19:46.491105,1273608620949876737,1273608620949876737,jelleprins,1273583081321041920,16546619,[],"<a href=""http://twitter.com/#!/download/ipad"" rel=""nofollow"">Twitter for iPad</a>",und,2020-06-18 13:28:52+00:00,2020,6,18,3,13,28,okkevdwal,302502840,302502840,329,570,411,@jelleprins @picnic @JumboSupermarkt @albertheijn üôåüèª
2020-06-21 01:19:47.031694,1273608620949876737,1273608620949876737,jelleprins,1273583081321041920,16546619,[],"<a href=""http://twitter.com/#!/download/ipad"" rel=""nofollow"">Twitter for iPad</a>",und,2020-06-18 13:28:52+00:00,2020,6,18,3,13,28,okkevdwal,302502840,302502840,329,570,411,@jelleprins @picnic @JumboSupermarkt @albertheijn üôåüèª
2020-06-21 01:19:48.831309,1273608620949876737,1273608620949876737,jelleprins,1273583081321041920,16546619,[],"<a href=""http://twitter.com/#!/download/ipad"" rel=""nofollow"">Twitter for iPad</a>",und,2020-06-18 13:28:52+00:00,2020,6,18,3,13,28,okkevdwal,302502840,302502840,329,570,411,@jelleprins @picnic @JumboSupermarkt @albertheijn üôåüèª
2020-06-21 01:19:48.065959,1273608620949876737,1273608620949876737,jelleprins,1273583081321041920,16546619,[],"<a href=""http://twitter.com/#!/download/ipad"" rel=""nofollow"">Twitter for iPad</a>",und,2020-06-18 13:28:52+00:00,2020,6,18,3,13,28,okkevdwal,302502840,302502840,329,570,411,@jelleprins @picnic @JumboSupermarkt @albertheijn üôåüèª
2020-06-21 01:19:46.242249,1273608620949876737,1273608620949876737,jelleprins,1273583081321041920,16546619,[],"<a href=""http://twitter.com/#!/download/ipad"" rel=""nofollow"">Twitter for iPad</a>",und,2020-06-18 13:28:52+00:00,2020,6,18,3,13,28,okkevdwal,302502840,302502840,329,570,411,@jelleprins @picnic @JumboSupermarkt @albertheijn üôåüèª
2020-06-21 01:19:46.794993,1273635253475856385,1273635253475856385,jelleprins,1273602593781145600,16546619,[],"<a href=""https://mobile.twitter.com"" rel=""nofollow"">Twitter Web App</a>",nl,2020-06-18 15:14:42+00:00,2020,6,18,3,15,14,markjan55en,1208469866086313984,1208469866086313984,8,8,102,@jelleprins @picnic @JumboSupermarkt @albertheijn @bramduvigneau Thanks! Gaan we zeker doen ;)
2020-06-21 01:19:49.243548,1273635253475856385,1273635253475856385,jelleprins,1273602593781145600,16546619,[],"<a href=""https://mobile.twitter.com"" rel=""nofollow"">Twitter Web App</a>",nl,2020-06-18 15:14:42+00:00,2020,6,18,3,15,14,markjan55en,1208469866086313984,1208469866086313984,8,8,102,@jelleprins @picnic @JumboSupermarkt @albertheijn @bramduvigneau Thanks! Gaan we zeker doen ;)
2020-06-21 01:19:47.805653,1273635253475856385,1273635253475856385,jelleprins,1273602593781145600,16546619,[],"<a href=""https://mobile.twitter.com"" rel=""nofollow"">Twitter Web App</a>",nl,2020-06-18 15:14:42+00:00,2020,6,18,3,15,14,markjan55en,1208469866086313984,1208469866086313984,8,8,102,@jelleprins @picnic @JumboSupermarkt @albertheijn @bramduvigneau Thanks! Gaan we zeker doen ;)
2020-06-21 01:19:48.292354,1273635253475856385,1273635253475856385,jelleprins,1273602593781145600,16546619,[],"<a href=""https://mobile.twitter.com"" rel=""nofollow"">Twitter Web App</a>",nl,2020-06-18 15:14:42+00:00,2020,6,18,3,15,14,markjan55en,1208469866086313984,1208469866086313984,8,8,102,@jelleprins @picnic @JumboSupermarkt @albertheijn @bramduvigneau Thanks! Gaan we zeker doen ;)
2020-06-21 01:19:46.491105,1273635253475856385,1273635253475856385,jelleprins,1273602593781145600,16546619,[],"<a href=""https://mobile.twitter.com"" rel=""nofollow"">Twitter Web App</a>",nl,2020-06-18 15:14:42+00:00,2020,6,18,3,15,14,markjan55en,1208469866086313984,1208469866086313984,8,8,102,@jelleprins @picnic @JumboSupermarkt @albertheijn @bramduvigneau Thanks! Gaan we zeker doen ;)
2020-06-21 01:19:49.752188,1273635253475856385,1273635253475856385,jelleprins,1273602593781145600,16546619,[],"<a href=""https://mobile.twitter.com"" rel=""nofollow"">Twitter Web App</a>",nl,2020-06-18 15:14:42+00:00,2020,6,18,3,15,14,markjan55en,1208469866086313984,1208469866086313984,8,8,102,@jelleprins @picnic @JumboSupermarkt @albertheijn @bramduvigneau Thanks! Gaan we zeker doen ;)
2020-06-21 01:19:49.493895,1273635253475856385,1273635253475856385,jelleprins,1273602593781145600,16546619,[],"<a href=""https://mobile.twitter.com"" rel=""nofollow"">Twitter Web App</a>",nl,2020-06-18 15:14:42+00:00,2020,6,18,3,15,14,markjan55en,1208469866086313984,1208469866086313984,8,8,102,@jelleprins @picnic @JumboSupermarkt @albertheijn @bramduvigneau Thanks! Gaan we zeker doen ;)
2020-06-21 01:19:47.290034,1273635253475856385,1273635253475856385,jelleprins,1273602593781145600,16546619,[],"<a href=""https://mobile.twitter.com"" rel=""nofollow"">Twitter Web App</a>",nl,2020-06-18 15:14:42+00:00,2020,6,18,3,15,14,markjan55en,1208469866086313984,1208469866086313984,8,8,102,@jelleprins @picnic @JumboSupermarkt @albertheijn @bramduvigneau Thanks! Gaan we zeker doen ;)
2020-06-21 01:19:46.242249,1273635253475856385,1273635253475856385,jelleprins,1273602593781145600,16546619,[],"<a href=""https://mobile.twitter.com"" rel=""nofollow"">Twitter Web App</a>",nl,2020-06-18 15:14:42+00:00,2020,6,18,3,15,14,markjan55en,1208469866086313984,1208469866086313984,8,8,102,@jelleprins @picnic @JumboSupermarkt @albertheijn @bramduvigneau Thanks! Gaan we zeker doen ;)
2020-06-21 01:19:47.545349,1273635253475856385,1273635253475856385,jelleprins,1273602593781145600,16546619,[],"<a href=""https://mobile.twitter.com"" rel=""nofollow"">Twitter Web App</a>",nl,2020-06-18 15:14:42+00:00,2020,6,18,3,15,14,markjan55en,1208469866086313984,1208469866086313984,8,8,102,@jelleprins @picnic @JumboSupermarkt @albertheijn @bramduvigneau Thanks! Gaan we zeker doen ;)
2020-06-21 01:19:48.590575,1273635253475856385,1273635253475856385,jelleprins,1273602593781145600,16546619,[],"<a href=""https://mobile.twitter.com"" rel=""nofollow"">Twitter Web App</a>",nl,2020-06-18 15:14:42+00:00,2020,6,18,3,15,14,markjan55en,1208469866086313984,1208469866086313984,8,8,102,@jelleprins @picnic @JumboSupermarkt @albertheijn @bramduvigneau Thanks! Gaan we zeker doen ;)
2020-06-21 01:19:49.075014,1273635253475856385,1273635253475856385,jelleprins,1273602593781145600,16546619,[],"<a href=""https://mobile.twitter.com"" rel=""nofollow"">Twitter Web App</a>",nl,2020-06-18 15:14:42+00:00,2020,6,18,3,15,14,markjan55en,1208469866086313984,1208469866086313984,8,8,102,@jelleprins @picnic @JumboSupermarkt @albertheijn @bramduvigneau Thanks! Gaan we zeker doen ;)
2020-06-21 01:19:47.031694,1273635253475856385,1273635253475856385,jelleprins,1273602593781145600,16546619,[],"<a href=""https://mobile.twitter.com"" rel=""nofollow"">Twitter Web App</a>",nl,2020-06-18 15:14:42+00:00,2020,6,18,3,15,14,markjan55en,1208469866086313984,1208469866086313984,8,8,102,@jelleprins @picnic @JumboSupermarkt @albertheijn @bramduvigneau Thanks! Gaan we zeker doen ;)
2020-06-21 01:19:48.065959,1273635253475856385,1273635253475856385,jelleprins,1273602593781145600,16546619,[],"<a href=""https://mobile.twitter.com"" rel=""nofollow"">Twitter Web App</a>",nl,2020-06-18 15:14:42+00:00,2020,6,18,3,15,14,markjan55en,1208469866086313984,1208469866086313984,8,8,102,@jelleprins @picnic @JumboSupermarkt @albertheijn @bramduvigneau Thanks! Gaan we zeker doen ;)
2020-06-21 01:19:48.831309,1273635253475856385,1273635253475856385,jelleprins,1273602593781145600,16546619,[],"<a href=""https://mobile.twitter.com"" rel=""nofollow"">Twitter Web App</a>",nl,2020-06-18 15:14:42+00:00,2020,6,18,3,15,14,markjan55en,1208469866086313984,1208469866086313984,8,8,102,@jelleprins @picnic @JumboSupermarkt @albertheijn @bramduvigneau Thanks! Gaan we zeker doen ;)
2020-06-21 01:19:48.292354,1273650547845935110,1273650547845935110,warpling,1273603583011930113,9787962,[],"<a href=""http://twitter.com/download/iphone"" rel=""nofollow"">Twitter for iPhone</a>",en,2020-06-18 16:15:28+00:00,2020,6,18,3,16,15,bartdunweg,735132800,735132800,1490,646,376,@warpling @jelleprins @picnic @JumboSupermarkt @albertheijn I signed up by entering a city with a not so long waitlist. Change your city afterwards. ü§≠
2020-06-21 01:19:49.752188,1273650547845935110,1273650547845935110,warpling,1273603583011930113,9787962,[],"<a href=""http://twitter.com/download/iphone"" rel=""nofollow"">Twitter for iPhone</a>",en,2020-06-18 16:15:28+00:00,2020,6,18,3,16,15,bartdunweg,735132800,735132800,1490,646,376,@warpling @jelleprins @picnic @JumboSupermarkt @albertheijn I signed up by entering a city with a not so long waitlist. Change your city afterwards. ü§≠
2020-06-21 01:19:48.590575,1273650547845935110,1273650547845935110,warpling,1273603583011930113,9787962,[],"<a href=""http://twitter.com/download/iphone"" rel=""nofollow"">Twitter for iPhone</a>",en,2020-06-18 16:15:28+00:00,2020,6,18,3,16,15,bartdunweg,735132800,735132800,1490,646,376,@warpling @jelleprins @picnic @JumboSupermarkt @albertheijn I signed up by entering a city with a not so long waitlist. Change your city afterwards. ü§≠
2020-06-21 01:19:49.243548,1273650547845935110,1273650547845935110,warpling,1273603583011930113,9787962,[],"<a href=""http://twitter.com/download/iphone"" rel=""nofollow"">Twitter for iPhone</a>",en,2020-06-18 16:15:28+00:00,2020,6,18,3,16,15,bartdunweg,735132800,735132800,1490,646,376,@warpling @jelleprins @picnic @JumboSupermarkt @albertheijn I signed up by entering a city with a not so long waitlist. Change your city afterwards. ü§≠
2020-06-21 01:19:49.075014,1273650547845935110,1273650547845935110,warpling,1273603583011930113,9787962,[],"<a href=""http://twitter.com/download/iphone"" rel=""nofollow"">Twitter for iPhone</a>",en,2020-06-18 16:15:28+00:00,2020,6,18,3,16,15,bartdunweg,735132800,735132800,1490,646,376,@warpling @jelleprins @picnic @JumboSupermarkt @albertheijn I signed up by entering a city with a not so long waitlist. Change your city afterwards. ü§≠
2020-06-21 01:19:49.493895,1273650547845935110,1273650547845935110,warpling,1273603583011930113,9787962,[],"<a href=""http://twitter.com/download/iphone"" rel=""nofollow"">Twitter for iPhone</a>",en,2020-06-18 16:15:28+00:00,2020,6,18,3,16,15,bartdunweg,735132800,735132800,1490,646,376,@warpling @jelleprins @picnic @JumboSupermarkt @albertheijn I signed up by entering a city with a not so long waitlist. Change your city afterwards. ü§≠
2020-06-21 01:19:48.831309,1273650547845935110,1273650547845935110,warpling,1273603583011930113,9787962,[],"<a href=""http://twitter.com/download/iphone"" rel=""nofollow"">Twitter for iPhone</a>",en,2020-06-18 16:15:28+00:00,2020,6,18,3,16,15,bartdunweg,735132800,735132800,1490,646,376,@warpling @jelleprins @picnic @JumboSupermarkt @albertheijn I signed up by entering a city with a not so long waitlist. Change your city afterwards. ü§≠
2020-06-21 01:19:48.065959,1273650547845935110,1273650547845935110,warpling,1273603583011930113,9787962,[],"<a href=""http://twitter.com/download/iphone"" rel=""nofollow"">Twitter for iPhone</a>",en,2020-06-18 16:15:28+00:00,2020,6,18,3,16,15,bartdunweg,735132800,735132800,1490,646,376,@warpling @jelleprins @picnic @JumboSupermarkt @albertheijn I signed up by entering a city with a not so long waitlist. Change your city afterwards. ü§≠
2020-06-21 01:19:46.242249,1273650547845935110,1273650547845935110,warpling,1273603583011930113,9787962,[],"<a href=""http://twitter.com/download/iphone"" rel=""nofollow"">Twitter for iPhone</a>",en,2020-06-18 16:15:28+00:00,2020,6,18,3,16,15,bartdunweg,735132800,735132800,1490,646,376,@warpling @jelleprins @picnic @JumboSupermarkt @albertheijn I signed up by entering a city with a not so long waitlist. Change your city afterwards. ü§≠
2020-06-21 01:19:47.031694,1273650547845935110,1273650547845935110,warpling,1273603583011930113,9787962,[],"<a href=""http://twitter.com/download/iphone"" rel=""nofollow"">Twitter for iPhone</a>",en,2020-06-18 16:15:28+00:00,2020,6,18,3,16,15,bartdunweg,735132800,735132800,1490,646,376,@warpling @jelleprins @picnic @JumboSupermarkt @albertheijn I signed up by entering a city with a not so long waitlist. Change your city afterwards. ü§≠
2020-06-21 01:19:46.794993,1273650547845935110,1273650547845935110,warpling,1273603583011930113,9787962,[],"<a href=""http://twitter.com/download/iphone"" rel=""nofollow"">Twitter for iPhone</a>",en,2020-06-18 16:15:28+00:00,2020,6,18,3,16,15,bartdunweg,735132800,735132800,1490,646,376,@warpling @jelleprins @picnic @JumboSupermarkt @albertheijn I signed up by entering a city with a not so long waitlist. Change your city afterwards. ü§≠
2020-06-21 01:19:47.805653,1273650547845935110,1273650547845935110,warpling,1273603583011930113,9787962,[],"<a href=""http://twitter.com/download/iphone"" rel=""nofollow"">Twitter for iPhone</a>",en,2020-06-18 16:15:28+00:00,2020,6,18,3,16,15,bartdunweg,735132800,735132800,1490,646,376,@warpling @jelleprins @picnic @JumboSupermarkt @albertheijn I signed up by entering a city with a not so long waitlist. Change your city afterwards. ü§≠
2020-06-21 01:19:46.491105,1273650547845935110,1273650547845935110,warpling,1273603583011930113,9787962,[],"<a href=""http://twitter.com/download/iphone"" rel=""nofollow"">Twitter for iPhone</a>",en,2020-06-18 16:15:28+00:00,2020,6,18,3,16,15,bartdunweg,735132800,735132800,1490,646,376,@warpling @jelleprins @picnic @JumboSupermarkt @albertheijn I signed up by entering a city with a not so long waitlist. Change your city afterwards. ü§≠
2020-06-21 01:19:47.545349,1273650547845935110,1273650547845935110,warpling,1273603583011930113,9787962,[],"<a href=""http://twitter.com/download/iphone"" rel=""nofollow"">Twitter for iPhone</a>",en,2020-06-18 16:15:28+00:00,2020,6,18,3,16,15,bartdunweg,735132800,735132800,1490,646,376,@warpling @jelleprins @picnic @JumboSupermarkt @albertheijn I signed up by entering a city with a not so long waitlist. Change your city afterwards. ü§≠
2020-06-21 01:19:47.290034,1273650547845935110,1273650547845935110,warpling,1273603583011930113,9787962,[],"<a href=""http://twitter.com/download/iphone"" rel=""nofollow"">Twitter for iPhone</a>",en,2020-06-18 16:15:28+00:00,2020,6,18,3,16,15,bartdunweg,735132800,735132800,1490,646,376,@warpling @jelleprins @picnic @JumboSupermarkt @albertheijn I signed up by entering a city with a not so long waitlist. Change your city afterwards. ü§≠
2020-06-21 01:19:46.491105,1273701159874813954,1273701159874813954,jelleprins,1273583081321041920,16546619,[],"<a href=""http://twitter.com/download/android"" rel=""nofollow"">Twitter for Android</a>",nl,2020-06-18 19:36:35+00:00,2020,6,18,3,19,36,Bertjanvd,30738934,30738934,1028,325,244,@jelleprins @picnic @JumboSupermarkt @albertheijn Genoeg te doen inderdaad üí™ https://t.co/yYcDVz2QuN
2020-06-21 01:19:49.493895,1273701159874813954,1273701159874813954,jelleprins,1273583081321041920,16546619,[],"<a href=""http://twitter.com/download/android"" rel=""nofollow"">Twitter for Android</a>",nl,2020-06-18 19:36:35+00:00,2020,6,18,3,19,36,Bertjanvd,30738934,30738934,1028,325,244,@jelleprins @picnic @JumboSupermarkt @albertheijn Genoeg te doen inderdaad üí™ https://t.co/yYcDVz2QuN
2020-06-21 01:19:48.590575,1273701159874813954,1273701159874813954,jelleprins,1273583081321041920,16546619,[],"<a href=""http://twitter.com/download/android"" rel=""nofollow"">Twitter for Android</a>",nl,2020-06-18 19:36:35+00:00,2020,6,18,3,19,36,Bertjanvd,30738934,30738934,1028,325,244,@jelleprins @picnic @JumboSupermarkt @albertheijn Genoeg te doen inderdaad üí™ https://t.co/yYcDVz2QuN
2020-06-21 01:19:47.545349,1273701159874813954,1273701159874813954,jelleprins,1273583081321041920,16546619,[],"<a href=""http://twitter.com/download/android"" rel=""nofollow"">Twitter for Android</a>",nl,2020-06-18 19:36:35+00:00,2020,6,18,3,19,36,Bertjanvd,30738934,30738934,1028,325,244,@jelleprins @picnic @JumboSupermarkt @albertheijn Genoeg te doen inderdaad üí™ https://t.co/yYcDVz2QuN
2020-06-21 01:19:48.831309,1273701159874813954,1273701159874813954,jelleprins,1273583081321041920,16546619,[],"<a href=""http://twitter.com/download/android"" rel=""nofollow"">Twitter for Android</a>",nl,2020-06-18 19:36:35+00:00,2020,6,18,3,19,36,Bertjanvd,30738934,30738934,1028,325,244,@jelleprins @picnic @JumboSupermarkt @albertheijn Genoeg te doen inderdaad üí™ https://t.co/yYcDVz2QuN
2020-06-21 01:19:47.290034,1273701159874813954,1273701159874813954,jelleprins,1273583081321041920,16546619,[],"<a href=""http://twitter.com/download/android"" rel=""nofollow"">Twitter for Android</a>",nl,2020-06-18 19:36:35+00:00,2020,6,18,3,19,36,Bertjanvd,30738934,30738934,1028,325,244,@jelleprins @picnic @JumboSupermarkt @albertheijn Genoeg te doen inderdaad üí™ https://t.co/yYcDVz2QuN
2020-06-21 01:19:47.031694,1273701159874813954,1273701159874813954,jelleprins,1273583081321041920,16546619,[],"<a href=""http://twitter.com/download/android"" rel=""nofollow"">Twitter for Android</a>",nl,2020-06-18 19:36:35+00:00,2020,6,18,3,19,36,Bertjanvd,30738934,30738934,1028,325,244,@jelleprins @picnic @JumboSupermarkt @albertheijn Genoeg te doen inderdaad üí™ https://t.co/yYcDVz2QuN
2020-06-21 01:19:48.065959,1273701159874813954,1273701159874813954,jelleprins,1273583081321041920,16546619,[],"<a href=""http://twitter.com/download/android"" rel=""nofollow"">Twitter for Android</a>",nl,2020-06-18 19:36:35+00:00,2020,6,18,3,19,36,Bertjanvd,30738934,30738934,1028,325,244,@jelleprins @picnic @JumboSupermarkt @albertheijn Genoeg te doen inderdaad üí™ https://t.co/yYcDVz2QuN
2020-06-21 01:19:46.794993,1273701159874813954,1273701159874813954,jelleprins,1273583081321041920,16546619,[],"<a href=""http://twitter.com/download/android"" rel=""nofollow"">Twitter for Android</a>",nl,2020-06-18 19:36:35+00:00,2020,6,18,3,19,36,Bertjanvd,30738934,30738934,1028,325,244,@jelleprins @picnic @JumboSupermarkt @albertheijn Genoeg te doen inderdaad üí™ https://t.co/yYcDVz2QuN
2020-06-21 01:19:49.243548,1273701159874813954,1273701159874813954,jelleprins,1273583081321041920,16546619,[],"<a href=""http://twitter.com/download/android"" rel=""nofollow"">Twitter for Android</a>",nl,2020-06-18 19:36:35+00:00,2020,6,18,3,19,36,Bertjanvd,30738934,30738934,1028,325,244,@jelleprins @picnic @JumboSupermarkt @albertheijn Genoeg te doen inderdaad üí™ https://t.co/yYcDVz2QuN
2020-06-21 01:19:49.075014,1273701159874813954,1273701159874813954,jelleprins,1273583081321041920,16546619,[],"<a href=""http://twitter.com/download/android"" rel=""nofollow"">Twitter for Android</a>",nl,2020-06-18 19:36:35+00:00,2020,6,18,3,19,36,Bertjanvd,30738934,30738934,1028,325,244,@jelleprins @picnic @JumboSupermarkt @albertheijn Genoeg te doen inderdaad üí™ https://t.co/yYcDVz2QuN
2020-06-21 01:19:46.242249,1273701159874813954,1273701159874813954,jelleprins,1273583081321041920,16546619,[],"<a href=""http://twitter.com/download/android"" rel=""nofollow"">Twitter for Android</a>",nl,2020-06-18 19:36:35+00:00,2020,6,18,3,19,36,Bertjanvd,30738934,30738934,1028,325,244,@jelleprins @picnic @JumboSupermarkt @albertheijn Genoeg te doen inderdaad üí™ https://t.co/yYcDVz2QuN
2020-06-21 01:19:47.805653,1273701159874813954,1273701159874813954,jelleprins,1273583081321041920,16546619,[],"<a href=""http://twitter.com/download/android"" rel=""nofollow"">Twitter for Android</a>",nl,2020-06-18 19:36:35+00:00,2020,6,18,3,19,36,Bertjanvd,30738934,30738934,1028,325,244,@jelleprins @picnic @JumboSupermarkt @albertheijn Genoeg te doen inderdaad üí™ https://t.co/yYcDVz2QuN
2020-06-21 01:19:48.292354,1273701159874813954,1273701159874813954,jelleprins,1273583081321041920,16546619,[],"<a href=""http://twitter.com/download/android"" rel=""nofollow"">Twitter for Android</a>",nl,2020-06-18 19:36:35+00:00,2020,6,18,3,19,36,Bertjanvd,30738934,30738934,1028,325,244,@jelleprins @picnic @JumboSupermarkt @albertheijn Genoeg te doen inderdaad üí™ https://t.co/yYcDVz2QuN
2020-06-21 01:19:49.752188,1273701159874813954,1273701159874813954,jelleprins,1273583081321041920,16546619,[],"<a href=""http://twitter.com/download/android"" rel=""nofollow"">Twitter for Android</a>",nl,2020-06-18 19:36:35+00:00,2020,6,18,3,19,36,Bertjanvd,30738934,30738934,1028,325,244,@jelleprins @picnic @JumboSupermarkt @albertheijn Genoeg te doen inderdaad üí™ https://t.co/yYcDVz2QuN
2020-06-21 01:19:48.065959,1273705434080215041,1273705434080215041,Bertjanvd,1273701159874813954,30738934,[],"<a href=""http://twitter.com/download/iphone"" rel=""nofollow"">Twitter for iPhone</a>",nl,2020-06-18 19:53:34+00:00,2020,6,18,3,19,53,MishaScholte,25871261,25871261,766,1396,359,@Bertjanvd @jelleprins @picnic @JumboSupermarkt @albertheijn Als je maar niet zo‚Äôn verschrikkelijke spring animation introduceert üôà
2020-06-21 01:19:49.243548,1273705434080215041,1273705434080215041,Bertjanvd,1273701159874813954,30738934,[],"<a href=""http://twitter.com/download/iphone"" rel=""nofollow"">Twitter for iPhone</a>",nl,2020-06-18 19:53:34+00:00,2020,6,18,3,19,53,MishaScholte,25871261,25871261,766,1396,359,@Bertjanvd @jelleprins @picnic @JumboSupermarkt @albertheijn Als je maar niet zo‚Äôn verschrikkelijke spring animation introduceert üôà
2020-06-21 01:19:49.752188,1273705434080215041,1273705434080215041,Bertjanvd,1273701159874813954,30738934,[],"<a href=""http://twitter.com/download/iphone"" rel=""nofollow"">Twitter for iPhone</a>",nl,2020-06-18 19:53:34+00:00,2020,6,18,3,19,53,MishaScholte,25871261,25871261,766,1396,359,@Bertjanvd @jelleprins @picnic @JumboSupermarkt @albertheijn Als je maar niet zo‚Äôn verschrikkelijke spring animation introduceert üôà
2020-06-21 01:19:46.794993,1273705434080215041,1273705434080215041,Bertjanvd,1273701159874813954,30738934,[],"<a href=""http://twitter.com/download/iphone"" rel=""nofollow"">Twitter for iPhone</a>",nl,2020-06-18 19:53:34+00:00,2020,6,18,3,19,53,MishaScholte,25871261,25871261,766,1396,359,@Bertjanvd @jelleprins @picnic @JumboSupermarkt @albertheijn Als je maar niet zo‚Äôn verschrikkelijke spring animation introduceert üôà
2020-06-21 01:19:47.290034,1273705434080215041,1273705434080215041,Bertjanvd,1273701159874813954,30738934,[],"<a href=""http://twitter.com/download/iphone"" rel=""nofollow"">Twitter for iPhone</a>",nl,2020-06-18 19:53:34+00:00,2020,6,18,3,19,53,MishaScholte,25871261,25871261,766,1396,359,@Bertjanvd @jelleprins @picnic @JumboSupermarkt @albertheijn Als je maar niet zo‚Äôn verschrikkelijke spring animation introduceert üôà
2020-06-21 01:19:46.242249,1273705434080215041,1273705434080215041,Bertjanvd,1273701159874813954,30738934,[],"<a href=""http://twitter.com/download/iphone"" rel=""nofollow"">Twitter for iPhone</a>",nl,2020-06-18 19:53:34+00:00,2020,6,18,3,19,53,MishaScholte,25871261,25871261,766,1396,359,@Bertjanvd @jelleprins @picnic @JumboSupermarkt @albertheijn Als je maar niet zo‚Äôn verschrikkelijke spring animation introduceert üôà
2020-06-21 01:19:49.075014,1273705434080215041,1273705434080215041,Bertjanvd,1273701159874813954,30738934,[],"<a href=""http://twitter.com/download/iphone"" rel=""nofollow"">Twitter for iPhone</a>",nl,2020-06-18 19:53:34+00:00,2020,6,18,3,19,53,MishaScholte,25871261,25871261,766,1396,359,@Bertjanvd @jelleprins @picnic @JumboSupermarkt @albertheijn Als je maar niet zo‚Äôn verschrikkelijke spring animation introduceert üôà
2020-06-21 01:19:47.545349,1273705434080215041,1273705434080215041,Bertjanvd,1273701159874813954,30738934,[],"<a href=""http://twitter.com/download/iphone"" rel=""nofollow"">Twitter for iPhone</a>",nl,2020-06-18 19:53:34+00:00,2020,6,18,3,19,53,MishaScholte,25871261,25871261,766,1396,359,@Bertjanvd @jelleprins @picnic @JumboSupermarkt @albertheijn Als je maar niet zo‚Äôn verschrikkelijke spring animation introduceert üôà
2020-06-21 01:19:48.590575,1273705434080215041,1273705434080215041,Bertjanvd,1273701159874813954,30738934,[],"<a href=""http://twitter.com/download/iphone"" rel=""nofollow"">Twitter for iPhone</a>",nl,2020-06-18 19:53:34+00:00,2020,6,18,3,19,53,MishaScholte,25871261,25871261,766,1396,359,@Bertjanvd @jelleprins @picnic @JumboSupermarkt @albertheijn Als je maar niet zo‚Äôn verschrikkelijke spring animation introduceert üôà
2020-06-21 01:19:47.031694,1273705434080215041,1273705434080215041,Bertjanvd,1273701159874813954,30738934,[],"<a href=""http://twitter.com/download/iphone"" rel=""nofollow"">Twitter for iPhone</a>",nl,2020-06-18 19:53:34+00:00,2020,6,18,3,19,53,MishaScholte,25871261,25871261,766,1396,359,@Bertjanvd @jelleprins @picnic @JumboSupermarkt @albertheijn Als je maar niet zo‚Äôn verschrikkelijke spring animation introduceert üôà
2020-06-21 01:19:49.493895,1273705434080215041,1273705434080215041,Bertjanvd,1273701159874813954,30738934,[],"<a href=""http://twitter.com/download/iphone"" rel=""nofollow"">Twitter for iPhone</a>",nl,2020-06-18 19:53:34+00:00,2020,6,18,3,19,53,MishaScholte,25871261,25871261,766,1396,359,@Bertjanvd @jelleprins @picnic @JumboSupermarkt @albertheijn Als je maar niet zo‚Äôn verschrikkelijke spring animation introduceert üôà
2020-06-21 01:19:47.805653,1273705434080215041,1273705434080215041,Bertjanvd,1273701159874813954,30738934,[],"<a href=""http://twitter.com/download/iphone"" rel=""nofollow"">Twitter for iPhone</a>",nl,2020-06-18 19:53:34+00:00,2020,6,18,3,19,53,MishaScholte,25871261,25871261,766,1396,359,@Bertjanvd @jelleprins @picnic @JumboSupermarkt @albertheijn Als je maar niet zo‚Äôn verschrikkelijke spring animation introduceert üôà
2020-06-21 01:19:46.491105,1273705434080215041,1273705434080215041,Bertjanvd,1273701159874813954,30738934,[],"<a href=""http://twitter.com/download/iphone"" rel=""nofollow"">Twitter for iPhone</a>",nl,2020-06-18 19:53:34+00:00,2020,6,18,3,19,53,MishaScholte,25871261,25871261,766,1396,359,@Bertjanvd @jelleprins @picnic @JumboSupermarkt @albertheijn Als je maar niet zo‚Äôn verschrikkelijke spring animation introduceert üôà
2020-06-21 01:19:48.292354,1273705434080215041,1273705434080215041,Bertjanvd,1273701159874813954,30738934,[],"<a href=""http://twitter.com/download/iphone"" rel=""nofollow"">Twitter for iPhone</a>",nl,2020-06-18 19:53:34+00:00,2020,6,18,3,19,53,MishaScholte,25871261,25871261,766,1396,359,@Bertjanvd @jelleprins @picnic @JumboSupermarkt @albertheijn Als je maar niet zo‚Äôn verschrikkelijke spring animation introduceert üôà
2020-06-21 01:19:48.831309,1273705434080215041,1273705434080215041,Bertjanvd,1273701159874813954,30738934,[],"<a href=""http://twitter.com/download/iphone"" rel=""nofollow"">Twitter for iPhone</a>",nl,2020-06-18 19:53:34+00:00,2020,6,18,3,19,53,MishaScholte,25871261,25871261,766,1396,359,@Bertjanvd @jelleprins @picnic @JumboSupermarkt @albertheijn Als je maar niet zo‚Äôn verschrikkelijke spring animation introduceert üôà
2020-06-21 01:19:47.031694,1273913978138361863,1273913978138361863,Barbes_NL,1273860355308113920,4695399187,"[{'text': 'ah'}, {'text': 'AlbertHeijn'}, {'text': 'teamJohanDerksen'}, {'text': 'veronicainside'}]","<a href=""http://twitter.com/download/iphone"" rel=""nofollow"">Twitter for iPhone</a>",nl,2020-06-19 09:42:15+00:00,2020,6,19,4,9,42,euzebeus,776812959716737025,776812959716737025,4,7,78,@Barbes_NL @JumboSupermarkt @albertheijn Ja ik ook!! Bye bye #ah #AlbertHeijn en we gaan gewoon naar de @picnic #teamJohanDerksen #veronicainside
2020-06-21 01:19:46.242249,1273913978138361863,1273913978138361863,Barbes_NL,1273860355308113920,4695399187,"[{'text': 'ah'}, {'text': 'AlbertHeijn'}, {'text': 'teamJohanDerksen'}, {'text': 'veronicainside'}]","<a href=""http://twitter.com/download/iphone"" rel=""nofollow"">Twitter for iPhone</a>",nl,2020-06-19 09:42:15+00:00,2020,6,19,4,9,42,euzebeus,776812959716737025,776812959716737025,4,7,78,@Barbes_NL @JumboSupermarkt @albertheijn Ja ik ook!! Bye bye #ah #AlbertHeijn en we gaan gewoon naar de @picnic #teamJohanDerksen #veronicainside
2020-06-21 01:19:49.243548,1273913978138361863,1273913978138361863,Barbes_NL,1273860355308113920,4695399187,"[{'text': 'ah'}, {'text': 'AlbertHeijn'}, {'text': 'teamJohanDerksen'}, {'text': 'veronicainside'}]","<a href=""http://twitter.com/download/iphone"" rel=""nofollow"">Twitter for iPhone</a>",nl,2020-06-19 09:42:15+00:00,2020,6,19,4,9,42,euzebeus,776812959716737025,776812959716737025,4,7,78,@Barbes_NL @JumboSupermarkt @albertheijn Ja ik ook!! Bye bye #ah #AlbertHeijn en we gaan gewoon naar de @picnic #teamJohanDerksen #veronicainside
2020-06-21 01:19:47.290034,1273913978138361863,1273913978138361863,Barbes_NL,1273860355308113920,4695399187,"[{'text': 'ah'}, {'text': 'AlbertHeijn'}, {'text': 'teamJohanDerksen'}, {'text': 'veronicainside'}]","<a href=""http://twitter.com/download/iphone"" rel=""nofollow"">Twitter for iPhone</a>",nl,2020-06-19 09:42:15+00:00,2020,6,19,4,9,42,euzebeus,776812959716737025,776812959716737025,4,7,78,@Barbes_NL @JumboSupermarkt @albertheijn Ja ik ook!! Bye bye #ah #AlbertHeijn en we gaan gewoon naar de @picnic #teamJohanDerksen #veronicainside
2020-06-21 01:19:48.065959,1273913978138361863,1273913978138361863,Barbes_NL,1273860355308113920,4695399187,"[{'text': 'ah'}, {'text': 'AlbertHeijn'}, {'text': 'teamJohanDerksen'}, {'text': 'veronicainside'}]","<a href=""http://twitter.com/download/iphone"" rel=""nofollow"">Twitter for iPhone</a>",nl,2020-06-19 09:42:15+00:00,2020,6,19,4,9,42,euzebeus,776812959716737025,776812959716737025,4,7,78,@Barbes_NL @JumboSupermarkt @albertheijn Ja ik ook!! Bye bye #ah #AlbertHeijn en we gaan gewoon naar de @picnic #teamJohanDerksen #veronicainside
2020-06-21 01:19:49.075014,1273913978138361863,1273913978138361863,Barbes_NL,1273860355308113920,4695399187,"[{'text': 'ah'}, {'text': 'AlbertHeijn'}, {'text': 'teamJohanDerksen'}, {'text': 'veronicainside'}]","<a href=""http://twitter.com/download/iphone"" rel=""nofollow"">Twitter for iPhone</a>",nl,2020-06-19 09:42:15+00:00,2020,6,19,4,9,42,euzebeus,776812959716737025,776812959716737025,4,7,78,@Barbes_NL @JumboSupermarkt @albertheijn Ja ik ook!! Bye bye #ah #AlbertHeijn en we gaan gewoon naar de @picnic #teamJohanDerksen #veronicainside
2020-06-21 01:19:49.752188,1273913978138361863,1273913978138361863,Barbes_NL,1273860355308113920,4695399187,"[{'text': 'ah'}, {'text': 'AlbertHeijn'}, {'text': 'teamJohanDerksen'}, {'text': 'veronicainside'}]","<a href=""http://twitter.com/download/iphone"" rel=""nofollow"">Twitter for iPhone</a>",nl,2020-06-19 09:42:15+00:00,2020,6,19,4,9,42,euzebeus,776812959716737025,776812959716737025,4,7,78,@Barbes_NL @JumboSupermarkt @albertheijn Ja ik ook!! Bye bye #ah #AlbertHeijn en we gaan gewoon naar de @picnic #teamJohanDerksen #veronicainside
2020-06-21 01:19:47.805653,1273913978138361863,1273913978138361863,Barbes_NL,1273860355308113920,4695399187,"[{'text': 'ah'}, {'text': 'AlbertHeijn'}, {'text': 'teamJohanDerksen'}, {'text': 'veronicainside'}]","<a href=""http://twitter.com/download/iphone"" rel=""nofollow"">Twitter for iPhone</a>",nl,2020-06-19 09:42:15+00:00,2020,6,19,4,9,42,euzebeus,776812959716737025,776812959716737025,4,7,78,@Barbes_NL @JumboSupermarkt @albertheijn Ja ik ook!! Bye bye #ah #AlbertHeijn en we gaan gewoon naar de @picnic #teamJohanDerksen #veronicainside
2020-06-21 01:19:46.794993,1273913978138361863,1273913978138361863,Barbes_NL,1273860355308113920,4695399187,"[{'text': 'ah'}, {'text': 'AlbertHeijn'}, {'text': 'teamJohanDerksen'}, {'text': 'veronicainside'}]","<a href=""http://twitter.com/download/iphone"" rel=""nofollow"">Twitter for iPhone</a>",nl,2020-06-19 09:42:15+00:00,2020,6,19,4,9,42,euzebeus,776812959716737025,776812959716737025,4,7,78,@Barbes_NL @JumboSupermarkt @albertheijn Ja ik ook!! Bye bye #ah #AlbertHeijn en we gaan gewoon naar de @picnic #teamJohanDerksen #veronicainside
2020-06-21 01:19:48.292354,1273913978138361863,1273913978138361863,Barbes_NL,1273860355308113920,4695399187,"[{'text': 'ah'}, {'text': 'AlbertHeijn'}, {'text': 'teamJohanDerksen'}, {'text': 'veronicainside'}]","<a href=""http://twitter.com/download/iphone"" rel=""nofollow"">Twitter for iPhone</a>",nl,2020-06-19 09:42:15+00:00,2020,6,19,4,9,42,euzebeus,776812959716737025,776812959716737025,4,7,78,@Barbes_NL @JumboSupermarkt @albertheijn Ja ik ook!! Bye bye #ah #AlbertHeijn en we gaan gewoon naar de @picnic #teamJohanDerksen #veronicainside
2020-06-21 01:19:47.545349,1273913978138361863,1273913978138361863,Barbes_NL,1273860355308113920,4695399187,"[{'text': 'ah'}, {'text': 'AlbertHeijn'}, {'text': 'teamJohanDerksen'}, {'text': 'veronicainside'}]","<a href=""http://twitter.com/download/iphone"" rel=""nofollow"">Twitter for iPhone</a>",nl,2020-06-19 09:42:15+00:00,2020,6,19,4,9,42,euzebeus,776812959716737025,776812959716737025,4,7,78,@Barbes_NL @JumboSupermarkt @albertheijn Ja ik ook!! Bye bye #ah #AlbertHeijn en we gaan gewoon naar de @picnic #teamJohanDerksen #veronicainside
2020-06-21 01:19:48.590575,1273913978138361863,1273913978138361863,Barbes_NL,1273860355308113920,4695399187,"[{'text': 'ah'}, {'text': 'AlbertHeijn'}, {'text': 'teamJohanDerksen'}, {'text': 'veronicainside'}]","<a href=""http://twitter.com/download/iphone"" rel=""nofollow"">Twitter for iPhone</a>",nl,2020-06-19 09:42:15+00:00,2020,6,19,4,9,42,euzebeus,776812959716737025,776812959716737025,4,7,78,@Barbes_NL @JumboSupermarkt @albertheijn Ja ik ook!! Bye bye #ah #AlbertHeijn en we gaan gewoon naar de @picnic #teamJohanDerksen #veronicainside
2020-06-21 01:19:49.493895,1273913978138361863,1273913978138361863,Barbes_NL,1273860355308113920,4695399187,"[{'text': 'ah'}, {'text': 'AlbertHeijn'}, {'text': 'teamJohanDerksen'}, {'text': 'veronicainside'}]","<a href=""http://twitter.com/download/iphone"" rel=""nofollow"">Twitter for iPhone</a>",nl,2020-06-19 09:42:15+00:00,2020,6,19,4,9,42,euzebeus,776812959716737025,776812959716737025,4,7,78,@Barbes_NL @JumboSupermarkt @albertheijn Ja ik ook!! Bye bye #ah #AlbertHeijn en we gaan gewoon naar de @picnic #teamJohanDerksen #veronicainside
2020-06-21 01:19:46.491105,1273913978138361863,1273913978138361863,Barbes_NL,1273860355308113920,4695399187,"[{'text': 'ah'}, {'text': 'AlbertHeijn'}, {'text': 'teamJohanDerksen'}, {'text': 'veronicainside'}]","<a href=""http://twitter.com/download/iphone"" rel=""nofollow"">Twitter for iPhone</a>",nl,2020-06-19 09:42:15+00:00,2020,6,19,4,9,42,euzebeus,776812959716737025,776812959716737025,4,7,78,@Barbes_NL @JumboSupermarkt @albertheijn Ja ik ook!! Bye bye #ah #AlbertHeijn en we gaan gewoon naar de @picnic #teamJohanDerksen #veronicainside
2020-06-21 01:19:48.831309,1273913978138361863,1273913978138361863,Barbes_NL,1273860355308113920,4695399187,"[{'text': 'ah'}, {'text': 'AlbertHeijn'}, {'text': 'teamJohanDerksen'}, {'text': 'veronicainside'}]","<a href=""http://twitter.com/download/iphone"" rel=""nofollow"">Twitter for iPhone</a>",nl,2020-06-19 09:42:15+00:00,2020,6,19,4,9,42,euzebeus,776812959716737025,776812959716737025,4,7,78,@Barbes_NL @JumboSupermarkt @albertheijn Ja ik ook!! Bye bye #ah #AlbertHeijn en we gaan gewoon naar de @picnic #teamJohanDerksen #veronicainside
2020-06-21 01:19:49.752188,1273922202392563713,1273922202392563713,jelleprins,1273583081321041920,16546619,[],"<a href=""http://twitter.com/download/android"" rel=""nofollow"">Twitter for Android</a>",nl,2020-06-19 10:14:56+00:00,2020,6,19,4,10,14,HarryHolistic,1143431921223045120,1143431921223045120,302,5,65,@jelleprins @picnic @JumboSupermarkt @albertheijn Jammer dat ze niet wat sneller kunnen bijschalen
2020-06-21 01:19:46.794993,1273922202392563713,1273922202392563713,jelleprins,1273583081321041920,16546619,[],"<a href=""http://twitter.com/download/android"" rel=""nofollow"">Twitter for Android</a>",nl,2020-06-19 10:14:56+00:00,2020,6,19,4,10,14,HarryHolistic,1143431921223045120,1143431921223045120,302,5,65,@jelleprins @picnic @JumboSupermarkt @albertheijn Jammer dat ze niet wat sneller kunnen bijschalen
2020-06-21 01:19:49.243548,1273922202392563713,1273922202392563713,jelleprins,1273583081321041920,16546619,[],"<a href=""http://twitter.com/download/android"" rel=""nofollow"">Twitter for Android</a>",nl,2020-06-19 10:14:56+00:00,2020,6,19,4,10,14,HarryHolistic,1143431921223045120,1143431921223045120,302,5,65,@jelleprins @picnic @JumboSupermarkt @albertheijn Jammer dat ze niet wat sneller kunnen bijschalen
2020-06-21 01:19:47.031694,1273922202392563713,1273922202392563713,jelleprins,1273583081321041920,16546619,[],"<a href=""http://twitter.com/download/android"" rel=""nofollow"">Twitter for Android</a>",nl,2020-06-19 10:14:56+00:00,2020,6,19,4,10,14,HarryHolistic,1143431921223045120,1143431921223045120,302,5,65,@jelleprins @picnic @JumboSupermarkt @albertheijn Jammer dat ze niet wat sneller kunnen bijschalen
2020-06-21 01:19:49.493895,1273922202392563713,1273922202392563713,jelleprins,1273583081321041920,16546619,[],"<a href=""http://twitter.com/download/android"" rel=""nofollow"">Twitter for Android</a>",nl,2020-06-19 10:14:56+00:00,2020,6,19,4,10,14,HarryHolistic,1143431921223045120,1143431921223045120,302,5,65,@jelleprins @picnic @JumboSupermarkt @albertheijn Jammer dat ze niet wat sneller kunnen bijschalen
2020-06-21 01:19:46.242249,1273922202392563713,1273922202392563713,jelleprins,1273583081321041920,16546619,[],"<a href=""http://twitter.com/download/android"" rel=""nofollow"">Twitter for Android</a>",nl,2020-06-19 10:14:56+00:00,2020,6,19,4,10,14,HarryHolistic,1143431921223045120,1143431921223045120,302,5,65,@jelleprins @picnic @JumboSupermarkt @albertheijn Jammer dat ze niet wat sneller kunnen bijschalen
2020-06-21 01:19:46.491105,1273922202392563713,1273922202392563713,jelleprins,1273583081321041920,16546619,[],"<a href=""http://twitter.com/download/android"" rel=""nofollow"">Twitter for Android</a>",nl,2020-06-19 10:14:56+00:00,2020,6,19,4,10,14,HarryHolistic,1143431921223045120,1143431921223045120,302,5,65,@jelleprins @picnic @JumboSupermarkt @albertheijn Jammer dat ze niet wat sneller kunnen bijschalen
2020-06-21 01:19:49.075014,1273922202392563713,1273922202392563713,jelleprins,1273583081321041920,16546619,[],"<a href=""http://twitter.com/download/android"" rel=""nofollow"">Twitter for Android</a>",nl,2020-06-19 10:14:56+00:00,2020,6,19,4,10,14,HarryHolistic,1143431921223045120,1143431921223045120,302,5,65,@jelleprins @picnic @JumboSupermarkt @albertheijn Jammer dat ze niet wat sneller kunnen bijschalen
2020-06-21 01:19:47.545349,1273922202392563713,1273922202392563713,jelleprins,1273583081321041920,16546619,[],"<a href=""http://twitter.com/download/android"" rel=""nofollow"">Twitter for Android</a>",nl,2020-06-19 10:14:56+00:00,2020,6,19,4,10,14,HarryHolistic,1143431921223045120,1143431921223045120,302,5,65,@jelleprins @picnic @JumboSupermarkt @albertheijn Jammer dat ze niet wat sneller kunnen bijschalen
2020-06-21 01:19:48.065959,1273922202392563713,1273922202392563713,jelleprins,1273583081321041920,16546619,[],"<a href=""http://twitter.com/download/android"" rel=""nofollow"">Twitter for Android</a>",nl,2020-06-19 10:14:56+00:00,2020,6,19,4,10,14,HarryHolistic,1143431921223045120,1143431921223045120,302,5,65,@jelleprins @picnic @JumboSupermarkt @albertheijn Jammer dat ze niet wat sneller kunnen bijschalen
2020-06-21 01:19:47.805653,1273922202392563713,1273922202392563713,jelleprins,1273583081321041920,16546619,[],"<a href=""http://twitter.com/download/android"" rel=""nofollow"">Twitter for Android</a>",nl,2020-06-19 10:14:56+00:00,2020,6,19,4,10,14,HarryHolistic,1143431921223045120,1143431921223045120,302,5,65,@jelleprins @picnic @JumboSupermarkt @albertheijn Jammer dat ze niet wat sneller kunnen bijschalen
2020-06-21 01:19:48.292354,1273922202392563713,1273922202392563713,jelleprins,1273583081321041920,16546619,[],"<a href=""http://twitter.com/download/android"" rel=""nofollow"">Twitter for Android</a>",nl,2020-06-19 10:14:56+00:00,2020,6,19,4,10,14,HarryHolistic,1143431921223045120,1143431921223045120,302,5,65,@jelleprins @picnic @JumboSupermarkt @albertheijn Jammer dat ze niet wat sneller kunnen bijschalen
2020-06-21 01:19:47.290034,1273922202392563713,1273922202392563713,jelleprins,1273583081321041920,16546619,[],"<a href=""http://twitter.com/download/android"" rel=""nofollow"">Twitter for Android</a>",nl,2020-06-19 10:14:56+00:00,2020,6,19,4,10,14,HarryHolistic,1143431921223045120,1143431921223045120,302,5,65,@jelleprins @picnic @JumboSupermarkt @albertheijn Jammer dat ze niet wat sneller kunnen bijschalen
2020-06-21 01:19:48.831309,1273922202392563713,1273922202392563713,jelleprins,1273583081321041920,16546619,[],"<a href=""http://twitter.com/download/android"" rel=""nofollow"">Twitter for Android</a>",nl,2020-06-19 10:14:56+00:00,2020,6,19,4,10,14,HarryHolistic,1143431921223045120,1143431921223045120,302,5,65,@jelleprins @picnic @JumboSupermarkt @albertheijn Jammer dat ze niet wat sneller kunnen bijschalen
2020-06-21 01:19:48.590575,1273922202392563713,1273922202392563713,jelleprins,1273583081321041920,16546619,[],"<a href=""http://twitter.com/download/android"" rel=""nofollow"">Twitter for Android</a>",nl,2020-06-19 10:14:56+00:00,2020,6,19,4,10,14,HarryHolistic,1143431921223045120,1143431921223045120,302,5,65,@jelleprins @picnic @JumboSupermarkt @albertheijn Jammer dat ze niet wat sneller kunnen bijschalen
2020-06-21 01:19:49.075014,1273998557368983552,1273998557368983552,markjan55en,1273593297450270724,1208469866086313984,[],"<a href=""http://twitter.com/download/android"" rel=""nofollow"">Twitter for Android</a>",nl,2020-06-19 15:18:20+00:00,2020,6,19,4,15,18,erikkroes,28978622,28978622,4915,681,472,@markjan55en @jelleprins @picnic @JumboSupermarkt @albertheijn Dat maakt nieuwsgierig! Gaat iemand hier toevallig over schrijven om de ervaring te delen?
2020-06-21 01:19:49.493895,1273998557368983552,1273998557368983552,markjan55en,1273593297450270724,1208469866086313984,[],"<a href=""http://twitter.com/download/android"" rel=""nofollow"">Twitter for Android</a>",nl,2020-06-19 15:18:20+00:00,2020,6,19,4,15,18,erikkroes,28978622,28978622,4915,681,472,@markjan55en @jelleprins @picnic @JumboSupermarkt @albertheijn Dat maakt nieuwsgierig! Gaat iemand hier toevallig over schrijven om de ervaring te delen?
2020-06-21 01:19:47.805653,1273998557368983552,1273998557368983552,markjan55en,1273593297450270724,1208469866086313984,[],"<a href=""http://twitter.com/download/android"" rel=""nofollow"">Twitter for Android</a>",nl,2020-06-19 15:18:20+00:00,2020,6,19,4,15,18,erikkroes,28978622,28978622,4915,681,472,@markjan55en @jelleprins @picnic @JumboSupermarkt @albertheijn Dat maakt nieuwsgierig! Gaat iemand hier toevallig over schrijven om de ervaring te delen?
2020-06-21 01:19:47.545349,1273998557368983552,1273998557368983552,markjan55en,1273593297450270724,1208469866086313984,[],"<a href=""http://twitter.com/download/android"" rel=""nofollow"">Twitter for Android</a>",nl,2020-06-19 15:18:20+00:00,2020,6,19,4,15,18,erikkroes,28978622,28978622,4915,681,472,@markjan55en @jelleprins @picnic @JumboSupermarkt @albertheijn Dat maakt nieuwsgierig! Gaat iemand hier toevallig over schrijven om de ervaring te delen?
2020-06-21 01:19:46.491105,1273998557368983552,1273998557368983552,markjan55en,1273593297450270724,1208469866086313984,[],"<a href=""http://twitter.com/download/android"" rel=""nofollow"">Twitter for Android</a>",nl,2020-06-19 15:18:20+00:00,2020,6,19,4,15,18,erikkroes,28978622,28978622,4915,681,472,@markjan55en @jelleprins @picnic @JumboSupermarkt @albertheijn Dat maakt nieuwsgierig! Gaat iemand hier toevallig over schrijven om de ervaring te delen?
2020-06-21 01:19:46.794993,1273998557368983552,1273998557368983552,markjan55en,1273593297450270724,1208469866086313984,[],"<a href=""http://twitter.com/download/android"" rel=""nofollow"">Twitter for Android</a>",nl,2020-06-19 15:18:20+00:00,2020,6,19,4,15,18,erikkroes,28978622,28978622,4915,681,472,@markjan55en @jelleprins @picnic @JumboSupermarkt @albertheijn Dat maakt nieuwsgierig! Gaat iemand hier toevallig over schrijven om de ervaring te delen?
2020-06-21 01:19:49.752188,1273998557368983552,1273998557368983552,markjan55en,1273593297450270724,1208469866086313984,[],"<a href=""http://twitter.com/download/android"" rel=""nofollow"">Twitter for Android</a>",nl,2020-06-19 15:18:20+00:00,2020,6,19,4,15,18,erikkroes,28978622,28978622,4915,681,472,@markjan55en @jelleprins @picnic @JumboSupermarkt @albertheijn Dat maakt nieuwsgierig! Gaat iemand hier toevallig over schrijven om de ervaring te delen?
2020-06-21 01:19:48.831309,1273998557368983552,1273998557368983552,markjan55en,1273593297450270724,1208469866086313984,[],"<a href=""http://twitter.com/download/android"" rel=""nofollow"">Twitter for Android</a>",nl,2020-06-19 15:18:20+00:00,2020,6,19,4,15,18,erikkroes,28978622,28978622,4915,681,472,@markjan55en @jelleprins @picnic @JumboSupermarkt @albertheijn Dat maakt nieuwsgierig! Gaat iemand hier toevallig over schrijven om de ervaring te delen?
2020-06-21 01:19:49.243548,1273998557368983552,1273998557368983552,markjan55en,1273593297450270724,1208469866086313984,[],"<a href=""http://twitter.com/download/android"" rel=""nofollow"">Twitter for Android</a>",nl,2020-06-19 15:18:20+00:00,2020,6,19,4,15,18,erikkroes,28978622,28978622,4915,681,472,@markjan55en @jelleprins @picnic @JumboSupermarkt @albertheijn Dat maakt nieuwsgierig! Gaat iemand hier toevallig over schrijven om de ervaring te delen?
2020-06-21 01:19:48.292354,1273998557368983552,1273998557368983552,markjan55en,1273593297450270724,1208469866086313984,[],"<a href=""http://twitter.com/download/android"" rel=""nofollow"">Twitter for Android</a>",nl,2020-06-19 15:18:20+00:00,2020,6,19,4,15,18,erikkroes,28978622,28978622,4915,681,472,@markjan55en @jelleprins @picnic @JumboSupermarkt @albertheijn Dat maakt nieuwsgierig! Gaat iemand hier toevallig over schrijven om de ervaring te delen?
2020-06-21 01:19:48.065959,1273998557368983552,1273998557368983552,markjan55en,1273593297450270724,1208469866086313984,[],"<a href=""http://twitter.com/download/android"" rel=""nofollow"">Twitter for Android</a>",nl,2020-06-19 15:18:20+00:00,2020,6,19,4,15,18,erikkroes,28978622,28978622,4915,681,472,@markjan55en @jelleprins @picnic @JumboSupermarkt @albertheijn Dat maakt nieuwsgierig! Gaat iemand hier toevallig over schrijven om de ervaring te delen?
2020-06-21 01:19:47.031694,1273998557368983552,1273998557368983552,markjan55en,1273593297450270724,1208469866086313984,[],"<a href=""http://twitter.com/download/android"" rel=""nofollow"">Twitter for Android</a>",nl,2020-06-19 15:18:20+00:00,2020,6,19,4,15,18,erikkroes,28978622,28978622,4915,681,472,@markjan55en @jelleprins @picnic @JumboSupermarkt @albertheijn Dat maakt nieuwsgierig! Gaat iemand hier toevallig over schrijven om de ervaring te delen?
2020-06-21 01:19:46.242249,1273998557368983552,1273998557368983552,markjan55en,1273593297450270724,1208469866086313984,[],"<a href=""http://twitter.com/download/android"" rel=""nofollow"">Twitter for Android</a>",nl,2020-06-19 15:18:20+00:00,2020,6,19,4,15,18,erikkroes,28978622,28978622,4915,681,472,@markjan55en @jelleprins @picnic @JumboSupermarkt @albertheijn Dat maakt nieuwsgierig! Gaat iemand hier toevallig over schrijven om de ervaring te delen?
2020-06-21 01:19:47.290034,1273998557368983552,1273998557368983552,markjan55en,1273593297450270724,1208469866086313984,[],"<a href=""http://twitter.com/download/android"" rel=""nofollow"">Twitter for Android</a>",nl,2020-06-19 15:18:20+00:00,2020,6,19,4,15,18,erikkroes,28978622,28978622,4915,681,472,@markjan55en @jelleprins @picnic @JumboSupermarkt @albertheijn Dat maakt nieuwsgierig! Gaat iemand hier toevallig over schrijven om de ervaring te delen?
2020-06-21 01:19:48.590575,1273998557368983552,1273998557368983552,markjan55en,1273593297450270724,1208469866086313984,[],"<a href=""http://twitter.com/download/android"" rel=""nofollow"">Twitter for Android</a>",nl,2020-06-19 15:18:20+00:00,2020,6,19,4,15,18,erikkroes,28978622,28978622,4915,681,472,@markjan55en @jelleprins @picnic @JumboSupermarkt @albertheijn Dat maakt nieuwsgierig! Gaat iemand hier toevallig over schrijven om de ervaring te delen?
2020-06-21 01:19:49.752188,1274051354105982978,1274051354105982978,jelleprins,1273602329791643653,16546619,[],"<a href=""https://mobile.twitter.com"" rel=""nofollow"">Twitter Web App</a>",en,2020-06-19 18:48:08+00:00,2020,6,19,4,18,48,guensberg,112635629,112635629,1029,571,1605,@jelleprins @dirkhens @picnic @JumboSupermarkt @albertheijn @ericklaassen Hook a brother up ‚òùüèª
2020-06-21 01:19:48.292354,1274051354105982978,1274051354105982978,jelleprins,1273602329791643653,16546619,[],"<a href=""https://mobile.twitter.com"" rel=""nofollow"">Twitter Web App</a>",en,2020-06-19 18:48:08+00:00,2020,6,19,4,18,48,guensberg,112635629,112635629,1029,571,1605,@jelleprins @dirkhens @picnic @JumboSupermarkt @albertheijn @ericklaassen Hook a brother up ‚òùüèª
2020-06-21 01:19:46.491105,1274051354105982978,1274051354105982978,jelleprins,1273602329791643653,16546619,[],"<a href=""https://mobile.twitter.com"" rel=""nofollow"">Twitter Web App</a>",en,2020-06-19 18:48:08+00:00,2020,6,19,4,18,48,guensberg,112635629,112635629,1029,571,1605,@jelleprins @dirkhens @picnic @JumboSupermarkt @albertheijn @ericklaassen Hook a brother up ‚òùüèª
2020-06-21 01:19:48.065959,1274051354105982978,1274051354105982978,jelleprins,1273602329791643653,16546619,[],"<a href=""https://mobile.twitter.com"" rel=""nofollow"">Twitter Web App</a>",en,2020-06-19 18:48:08+00:00,2020,6,19,4,18,48,guensberg,112635629,112635629,1029,571,1605,@jelleprins @dirkhens @picnic @JumboSupermarkt @albertheijn @ericklaassen Hook a brother up ‚òùüèª
2020-06-21 01:19:47.805653,1274051354105982978,1274051354105982978,jelleprins,1273602329791643653,16546619,[],"<a href=""https://mobile.twitter.com"" rel=""nofollow"">Twitter Web App</a>",en,2020-06-19 18:48:08+00:00,2020,6,19,4,18,48,guensberg,112635629,112635629,1029,571,1605,@jelleprins @dirkhens @picnic @JumboSupermarkt @albertheijn @ericklaassen Hook a brother up ‚òùüèª
2020-06-21 01:19:46.242249,1274051354105982978,1274051354105982978,jelleprins,1273602329791643653,16546619,[],"<a href=""https://mobile.twitter.com"" rel=""nofollow"">Twitter Web App</a>",en,2020-06-19 18:48:08+00:00,2020,6,19,4,18,48,guensberg,112635629,112635629,1029,571,1605,@jelleprins @dirkhens @picnic @JumboSupermarkt @albertheijn @ericklaassen Hook a brother up ‚òùüèª
2020-06-21 01:19:49.075014,1274051354105982978,1274051354105982978,jelleprins,1273602329791643653,16546619,[],"<a href=""https://mobile.twitter.com"" rel=""nofollow"">Twitter Web App</a>",en,2020-06-19 18:48:08+00:00,2020,6,19,4,18,48,guensberg,112635629,112635629,1029,571,1605,@jelleprins @dirkhens @picnic @JumboSupermarkt @albertheijn @ericklaassen Hook a brother up ‚òùüèª
2020-06-21 01:19:48.831309,1274051354105982978,1274051354105982978,jelleprins,1273602329791643653,16546619,[],"<a href=""https://mobile.twitter.com"" rel=""nofollow"">Twitter Web App</a>",en,2020-06-19 18:48:08+00:00,2020,6,19,4,18,48,guensberg,112635629,112635629,1029,571,1605,@jelleprins @dirkhens @picnic @JumboSupermarkt @albertheijn @ericklaassen Hook a brother up ‚òùüèª
2020-06-21 01:19:49.493895,1274051354105982978,1274051354105982978,jelleprins,1273602329791643653,16546619,[],"<a href=""https://mobile.twitter.com"" rel=""nofollow"">Twitter Web App</a>",en,2020-06-19 18:48:08+00:00,2020,6,19,4,18,48,guensberg,112635629,112635629,1029,571,1605,@jelleprins @dirkhens @picnic @JumboSupermarkt @albertheijn @ericklaassen Hook a brother up ‚òùüèª
2020-06-21 01:19:47.031694,1274051354105982978,1274051354105982978,jelleprins,1273602329791643653,16546619,[],"<a href=""https://mobile.twitter.com"" rel=""nofollow"">Twitter Web App</a>",en,2020-06-19 18:48:08+00:00,2020,6,19,4,18,48,guensberg,112635629,112635629,1029,571,1605,@jelleprins @dirkhens @picnic @JumboSupermarkt @albertheijn @ericklaassen Hook a brother up ‚òùüèª
2020-06-21 01:19:46.794993,1274051354105982978,1274051354105982978,jelleprins,1273602329791643653,16546619,[],"<a href=""https://mobile.twitter.com"" rel=""nofollow"">Twitter Web App</a>",en,2020-06-19 18:48:08+00:00,2020,6,19,4,18,48,guensberg,112635629,112635629,1029,571,1605,@jelleprins @dirkhens @picnic @JumboSupermarkt @albertheijn @ericklaassen Hook a brother up ‚òùüèª
2020-06-21 01:19:47.545349,1274051354105982978,1274051354105982978,jelleprins,1273602329791643653,16546619,[],"<a href=""https://mobile.twitter.com"" rel=""nofollow"">Twitter Web App</a>",en,2020-06-19 18:48:08+00:00,2020,6,19,4,18,48,guensberg,112635629,112635629,1029,571,1605,@jelleprins @dirkhens @picnic @JumboSupermarkt @albertheijn @ericklaassen Hook a brother up ‚òùüèª
2020-06-21 01:19:47.290034,1274051354105982978,1274051354105982978,jelleprins,1273602329791643653,16546619,[],"<a href=""https://mobile.twitter.com"" rel=""nofollow"">Twitter Web App</a>",en,2020-06-19 18:48:08+00:00,2020,6,19,4,18,48,guensberg,112635629,112635629,1029,571,1605,@jelleprins @dirkhens @picnic @JumboSupermarkt @albertheijn @ericklaassen Hook a brother up ‚òùüèª
2020-06-21 01:19:48.590575,1274051354105982978,1274051354105982978,jelleprins,1273602329791643653,16546619,[],"<a href=""https://mobile.twitter.com"" rel=""nofollow"">Twitter Web App</a>",en,2020-06-19 18:48:08+00:00,2020,6,19,4,18,48,guensberg,112635629,112635629,1029,571,1605,@jelleprins @dirkhens @picnic @JumboSupermarkt @albertheijn @ericklaassen Hook a brother up ‚òùüèª
2020-06-21 01:19:49.243548,1274051354105982978,1274051354105982978,jelleprins,1273602329791643653,16546619,[],"<a href=""https://mobile.twitter.com"" rel=""nofollow"">Twitter Web App</a>",en,2020-06-19 18:48:08+00:00,2020,6,19,4,18,48,guensberg,112635629,112635629,1029,571,1605,@jelleprins @dirkhens @picnic @JumboSupermarkt @albertheijn @ericklaassen Hook a brother up ‚òùüèª
2020-06-21 01:19:49.075014,1274301337518440449,1274301337518440449,guensberg,1274051354105982978,112635629,[],"<a href=""https://mobile.twitter.com"" rel=""nofollow"">Twitter Web App</a>",en,2020-06-20 11:21:28+00:00,2020,6,20,5,11,21,ericklaassen,2268731,2268731,2876,1361,778,@guensberg @jelleprins @dirkhens @picnic @JumboSupermarkt @albertheijn Special invitation in DM ;)
2020-06-21 01:19:47.290034,1274301337518440449,1274301337518440449,guensberg,1274051354105982978,112635629,[],"<a href=""https://mobile.twitter.com"" rel=""nofollow"">Twitter Web App</a>",en,2020-06-20 11:21:28+00:00,2020,6,20,5,11,21,ericklaassen,2268731,2268731,2876,1361,778,@guensberg @jelleprins @dirkhens @picnic @JumboSupermarkt @albertheijn Special invitation in DM ;)
2020-06-21 01:19:47.031694,1274301337518440449,1274301337518440449,guensberg,1274051354105982978,112635629,[],"<a href=""https://mobile.twitter.com"" rel=""nofollow"">Twitter Web App</a>",en,2020-06-20 11:21:28+00:00,2020,6,20,5,11,21,ericklaassen,2268731,2268731,2876,1361,778,@guensberg @jelleprins @dirkhens @picnic @JumboSupermarkt @albertheijn Special invitation in DM ;)
2020-06-21 01:19:48.065959,1274301337518440449,1274301337518440449,guensberg,1274051354105982978,112635629,[],"<a href=""https://mobile.twitter.com"" rel=""nofollow"">Twitter Web App</a>",en,2020-06-20 11:21:28+00:00,2020,6,20,5,11,21,ericklaassen,2268731,2268731,2876,1361,778,@guensberg @jelleprins @dirkhens @picnic @JumboSupermarkt @albertheijn Special invitation in DM ;)
2020-06-21 01:19:48.292354,1274301337518440449,1274301337518440449,guensberg,1274051354105982978,112635629,[],"<a href=""https://mobile.twitter.com"" rel=""nofollow"">Twitter Web App</a>",en,2020-06-20 11:21:28+00:00,2020,6,20,5,11,21,ericklaassen,2268731,2268731,2876,1361,778,@guensberg @jelleprins @dirkhens @picnic @JumboSupermarkt @albertheijn Special invitation in DM ;)
2020-06-21 01:19:48.590575,1274301337518440449,1274301337518440449,guensberg,1274051354105982978,112635629,[],"<a href=""https://mobile.twitter.com"" rel=""nofollow"">Twitter Web App</a>",en,2020-06-20 11:21:28+00:00,2020,6,20,5,11,21,ericklaassen,2268731,2268731,2876,1361,778,@guensberg @jelleprins @dirkhens @picnic @JumboSupermarkt @albertheijn Special invitation in DM ;)
2020-06-21 01:19:48.831309,1274301337518440449,1274301337518440449,guensberg,1274051354105982978,112635629,[],"<a href=""https://mobile.twitter.com"" rel=""nofollow"">Twitter Web App</a>",en,2020-06-20 11:21:28+00:00,2020,6,20,5,11,21,ericklaassen,2268731,2268731,2876,1361,778,@guensberg @jelleprins @dirkhens @picnic @JumboSupermarkt @albertheijn Special invitation in DM ;)
2020-06-21 01:19:47.545349,1274301337518440449,1274301337518440449,guensberg,1274051354105982978,112635629,[],"<a href=""https://mobile.twitter.com"" rel=""nofollow"">Twitter Web App</a>",en,2020-06-20 11:21:28+00:00,2020,6,20,5,11,21,ericklaassen,2268731,2268731,2876,1361,778,@guensberg @jelleprins @dirkhens @picnic @JumboSupermarkt @albertheijn Special invitation in DM ;)
2020-06-21 01:19:49.752188,1274301337518440449,1274301337518440449,guensberg,1274051354105982978,112635629,[],"<a href=""https://mobile.twitter.com"" rel=""nofollow"">Twitter Web App</a>",en,2020-06-20 11:21:28+00:00,2020,6,20,5,11,21,ericklaassen,2268731,2268731,2876,1361,778,@guensberg @jelleprins @dirkhens @picnic @JumboSupermarkt @albertheijn Special invitation in DM ;)
2020-06-21 01:19:46.491105,1274301337518440449,1274301337518440449,guensberg,1274051354105982978,112635629,[],"<a href=""https://mobile.twitter.com"" rel=""nofollow"">Twitter Web App</a>",en,2020-06-20 11:21:28+00:00,2020,6,20,5,11,21,ericklaassen,2268731,2268731,2876,1361,778,@guensberg @jelleprins @dirkhens @picnic @JumboSupermarkt @albertheijn Special invitation in DM ;)
2020-06-21 01:19:46.794993,1274301337518440449,1274301337518440449,guensberg,1274051354105982978,112635629,[],"<a href=""https://mobile.twitter.com"" rel=""nofollow"">Twitter Web App</a>",en,2020-06-20 11:21:28+00:00,2020,6,20,5,11,21,ericklaassen,2268731,2268731,2876,1361,778,@guensberg @jelleprins @dirkhens @picnic @JumboSupermarkt @albertheijn Special invitation in DM ;)
2020-06-21 01:19:49.493895,1274301337518440449,1274301337518440449,guensberg,1274051354105982978,112635629,[],"<a href=""https://mobile.twitter.com"" rel=""nofollow"">Twitter Web App</a>",en,2020-06-20 11:21:28+00:00,2020,6,20,5,11,21,ericklaassen,2268731,2268731,2876,1361,778,@guensberg @jelleprins @dirkhens @picnic @JumboSupermarkt @albertheijn Special invitation in DM ;)
2020-06-21 01:19:47.805653,1274301337518440449,1274301337518440449,guensberg,1274051354105982978,112635629,[],"<a href=""https://mobile.twitter.com"" rel=""nofollow"">Twitter Web App</a>",en,2020-06-20 11:21:28+00:00,2020,6,20,5,11,21,ericklaassen,2268731,2268731,2876,1361,778,@guensberg @jelleprins @dirkhens @picnic @JumboSupermarkt @albertheijn Special invitation in DM ;)
2020-06-21 01:19:49.243548,1274301337518440449,1274301337518440449,guensberg,1274051354105982978,112635629,[],"<a href=""https://mobile.twitter.com"" rel=""nofollow"">Twitter Web App</a>",en,2020-06-20 11:21:28+00:00,2020,6,20,5,11,21,ericklaassen,2268731,2268731,2876,1361,778,@guensberg @jelleprins @dirkhens @picnic @JumboSupermarkt @albertheijn Special invitation in DM ;)
2020-06-21 01:19:46.242249,1274301337518440449,1274301337518440449,guensberg,1274051354105982978,112635629,[],"<a href=""https://mobile.twitter.com"" rel=""nofollow"">Twitter Web App</a>",en,2020-06-20 11:21:28+00:00,2020,6,20,5,11,21,ericklaassen,2268731,2268731,2876,1361,778,@guensberg @jelleprins @dirkhens @picnic @JumboSupermarkt @albertheijn Special invitation in DM ;)
